fov,line,cellID,parentID,frame,tTrans,w,L,growthRateL2_0,area,growthRatearea2_0,V,growthRateV2_0,SA,growthRateSA2_0,beta2SA_V_2_0,Itot,xCM,yCM,orientation
19,5,28,16,28,-342.633333,0.942392,1.626815,0.016142,1.342509,0.023461,0.915616,0.030507,4.816368,0.021883,0.115108,172288.000000,26.917989,32.252092,0.035890
19,5,28,16,29,-337.633333,0.967423,1.758112,0.014837,1.499991,0.020715,1.055280,0.026125,5.343341,0.019340,0.097927,191571.000000,27.531062,32.308760,-0.015362
19,5,28,16,30,-332.633333,0.986422,1.887670,0.012704,1.653226,0.018018,1.191306,0.023001,5.849770,0.016951,0.083238,219480.000000,28.330273,32.246874,-0.072512
19,5,28,16,31,-327.633333,1.009292,1.997915,0.012553,1.797871,0.015240,1.329290,0.017416,6.334957,0.013917,0.066325,234703.000000,28.991531,32.199913,-0.241679
19,5,28,16,32,-322.633333,1.001970,2.138465,0.011776,1.927229,0.012528,1.422820,0.012803,6.731420,0.011128,0.052645,254971.000000,29.822345,32.243521,-0.184906
19,5,28,16,33,-317.633333,1.002293,2.249750,0.010612,2.039322,0.010710,1.511458,0.010378,7.084006,0.009484,0.044448,258041.000000,30.622310,32.209252,-0.163426
19,5,28,16,34,-312.633333,0.991297,2.377213,0.011502,2.145641,0.010573,1.579679,0.009162,7.403239,0.009221,0.043215,271296.000000,31.019546,32.283709,-0.161949
19,5,28,16,35,-307.633333,0.979802,2.523166,0.013408,2.266183,0.010769,1.656193,0.007604,7.766658,0.009202,0.043151,291700.000000,31.668453,32.321521,-0.157892
19,5,28,16,36,-302.633333,0.951568,2.715527,0.015088,2.389691,0.011805,1.705612,0.007886,8.117904,0.010166,0.048385,289481.000000,32.646557,32.370698,0.028584
19,5,28,16,37,-297.633333,0.932496,2.932873,0.016791,2.548285,0.013242,1.790702,0.009128,8.591917,0.011658,0.055937,332444.000000,33.613747,32.310616,-0.123191
19,5,28,16,38,-292.633333,0.904885,3.207977,0.017151,2.727130,0.013116,1.869064,0.008385,9.119570,0.011572,0.056462,306979.000000,34.792338,32.287601,-0.109067
19,5,34,25,31,-327.633333,1.029084,1.639712,0.006835,1.460135,0.008164,1.078513,0.009191,5.301126,0.007146,0.035123,219140.000000,21.830820,32.178258,0.093169
19,5,34,25,32,-322.633333,1.030631,1.695748,0.008591,1.519740,0.006605,1.128076,0.004138,5.490530,0.004833,0.023525,229536.000000,22.128759,32.247202,0.077279
19,5,34,25,33,-317.633333,0.992431,1.785389,0.009386,1.560509,0.006193,1.125194,0.002292,5.566508,0.004162,0.020592,239041.000000,22.450891,32.184050,0.035385
19,5,34,25,34,-312.633333,0.977519,1.863332,0.009549,1.616382,0.007697,1.153861,0.005310,5.722233,0.006054,0.030022,240112.000000,22.584092,32.364926,0.382760
19,5,34,25,35,-307.633333,0.958650,1.963324,0.010212,1.684920,0.008001,1.186458,0.005235,5.912922,0.006353,0.031662,241031.000000,22.651426,32.422422,0.338096
19,5,34,25,36,-302.633333,0.940498,2.063820,0.008838,1.751196,0.007998,1.215972,0.006727,6.097892,0.006796,0.034078,259136.000000,22.994194,32.387236,0.327559
19,5,34,25,37,-297.633333,0.938628,2.145732,0.007800,1.824975,0.008931,1.268251,0.009796,6.327305,0.008154,0.040680,261290.000000,23.318618,32.391453,0.306596
19,5,34,25,38,-292.633333,0.943558,2.231176,0.007717,1.914184,0.008485,1.340206,0.008976,6.613820,0.007723,0.038115,273750.000000,23.723591,32.377522,0.277445
19,5,34,25,39,-287.633333,0.939052,2.317914,0.007437,1.987402,0.007932,1.388549,0.008165,6.838121,0.007196,0.035439,288093.000000,24.278771,32.388574,0.278386
19,5,34,25,40,-282.633333,0.941057,2.403556,0.007387,2.071834,0.007258,1.453586,0.006859,7.105913,0.006510,0.031822,288459.000000,24.784801,32.413553,0.274009
19,5,34,25,41,-277.633333,0.931245,2.495455,0.007229,2.137773,0.006954,1.488254,0.006409,7.300683,0.006230,0.030561,297908.000000,25.416282,32.389441,0.233771
19,5,34,25,42,-272.633333,0.931385,2.583956,0.007608,2.220495,0.007936,1.548966,0.008018,7.560736,0.007273,0.035501,320094.000000,25.984971,32.391845,0.193797
19,5,34,25,43,-267.633333,0.928263,2.692037,0.008438,2.314002,0.008203,1.612449,0.007689,7.850583,0.007453,0.036286,334029.000000,26.574702,32.362110,0.210077
19,5,34,25,44,-262.633333,0.922379,2.811099,0.008901,2.410320,0.008606,1.672941,0.008024,8.145834,0.007851,0.038227,347671.000000,26.970669,32.416357,0.201480
19,5,34,25,45,-257.633333,0.918504,2.942265,0.008916,2.521432,0.008813,1.746679,0.008443,8.490095,0.008110,0.039419,372979.000000,27.555760,32.466385,0.183308
19,5,35,25,31,-327.633333,1.105786,1.458080,0.016396,1.349917,0.015885,1.046292,0.014315,5.065265,0.011987,0.058033,200934.000000,23.235281,32.150157,-0.121731
19,5,35,25,32,-322.633333,1.083260,1.577610,0.016559,1.457137,0.015053,1.121181,0.012513,5.368862,0.011336,0.054285,221846.000000,23.602205,32.257312,-0.208591
19,5,35,25,33,-317.633333,1.050451,1.719318,0.016058,1.569257,0.013157,1.186583,0.009252,5.673901,0.009784,0.046785,231631.000000,24.011394,32.168882,-0.054532
19,5,35,25,34,-312.633333,1.017250,1.853695,0.013647,1.663601,0.010717,1.230966,0.006945,5.924007,0.008129,0.039119,257605.000000,24.056964,32.369671,0.418607
19,5,35,25,35,-307.633333,0.993435,1.972285,0.012453,1.747543,0.009941,1.272079,0.006738,6.155437,0.007875,0.038106,270338.000000,24.200641,32.424644,0.404965
19,5,35,25,36,-302.633333,0.971735,2.099305,0.009937,1.837327,0.008692,1.316680,0.006942,6.408750,0.007272,0.035393,274679.000000,24.594350,32.383450,0.373050
19,5,35,25,37,-297.633333,0.966430,2.180887,0.008259,1.907240,0.007641,1.363485,0.006662,6.621456,0.006606,0.032079,282551.000000,25.039580,32.377953,0.332970
19,5,35,25,38,-292.633333,0.956030,2.279422,0.008800,1.983052,0.008963,1.407519,0.008784,6.846149,0.008001,0.038917,286378.000000,25.570413,32.390119,0.302453
19,5,35,25,39,-287.633333,0.958248,2.381468,0.007292,2.084980,0.007424,1.487116,0.007288,7.169226,0.006684,0.032222,301164.000000,26.163778,32.364690,0.283567
19,5,35,25,40,-282.633333,0.950530,2.453078,0.006277,2.137831,0.004959,1.515902,0.003372,7.325333,0.004206,0.020324,315725.000000,26.713901,32.405679,0.280002
19,5,35,25,41,-277.633333,0.938728,2.535459,0.006215,2.190996,0.005525,1.538227,0.004584,7.477320,0.004864,0.023646,335462.000000,27.470257,32.371624,0.271339
19,5,35,25,42,-272.633333,0.937503,2.610662,0.006062,2.258886,0.006593,1.586410,0.006938,7.689056,0.006087,0.029505,302852.000000,28.062671,32.356347,0.262614
19,5,35,25,43,-267.633333,0.938890,2.693709,0.006523,2.339921,0.006521,1.648284,0.006308,7.945389,0.005953,0.028696,314693.000000,28.802566,32.297929,0.213745
19,5,35,25,44,-262.633333,0.932418,2.786367,0.008302,2.411484,0.009214,1.690383,0.009899,8.162046,0.008583,0.041441,333064.000000,29.309785,32.391503,0.185060
19,5,35,25,45,-257.633333,0.940870,2.925035,0.010631,2.562104,0.011572,1.815617,0.012211,8.645906,0.010809,0.051471,354277.000000,30.078683,32.393002,0.159934
19,5,35,25,46,-252.633333,0.934848,3.097321,0.011125,2.707975,0.010773,1.912084,0.010090,9.096559,0.009908,0.047137,361382.000000,30.928984,32.345924,0.143398
19,5,36,24,32,-322.633333,1.020246,1.755235,0.011904,1.567392,0.012475,1.156920,0.012452,5.625875,0.010617,0.051627,231732.000000,18.923786,32.439120,0.037312
19,5,36,24,33,-317.633333,1.014047,1.859709,0.011384,1.665160,0.008675,1.228948,0.005386,5.924519,0.006605,0.031843,237285.000000,19.031531,32.400032,0.006954
19,5,36,24,34,-312.633333,0.973766,1.966937,0.011598,1.711847,0.007109,1.223108,0.001825,6.017210,0.004907,0.024141,261882.000000,19.167561,32.475239,0.018022
19,5,36,24,35,-307.633333,0.948263,2.087841,0.012582,1.786852,0.008190,1.251269,0.003142,6.219794,0.006164,0.030642,234746.000000,19.138496,32.558017,0.106666
19,5,36,24,36,-302.633333,0.913771,2.229639,0.013273,1.858192,0.008168,1.262427,0.002352,6.400618,0.006201,0.031440,248721.000000,19.206671,32.550882,0.073460
19,5,36,24,37,-297.633333,0.883539,2.383779,0.013723,1.938635,0.011235,1.280959,0.008104,6.616704,0.009660,0.049900,257827.000000,19.234079,32.552236,0.072855
19,5,36,24,38,-292.633333,0.876440,2.556755,0.014578,2.075997,0.013997,1.366241,0.012929,7.039814,0.012695,0.065412,262208.000000,19.346488,32.565433,0.047333
19,5,36,24,39,-287.633333,0.867267,2.756512,0.014796,2.229217,0.014242,1.457601,0.013228,7.510387,0.013040,0.067190,282506.000000,19.510551,32.566556,0.057243
19,5,36,24,40,-282.633333,0.861018,2.964611,0.014682,2.393487,0.014545,1.559052,0.013997,8.019176,0.013487,0.069373,292380.000000,19.615274,32.586283,0.052061
19,5,36,24,41,-277.633333,0.856859,3.191778,0.014663,2.577341,0.015276,1.675821,0.015529,8.591952,0.014355,0.073597,319645.000000,19.792145,32.559952,0.049903
19,5,36,24,42,-272.633333,0.857992,3.432634,0.014033,2.787194,0.015058,1.819296,0.015773,9.252536,0.014279,0.072620,386049.000000,19.967768,32.520761,0.046137
19,5,38,26,35,-307.633333,0.964059,1.619397,0.014615,1.361741,0.019041,0.947516,0.022976,4.904637,0.017236,0.089219,197201.000000,25.673455,32.306787,-0.008997
19,5,38,26,36,-302.633333,0.975831,1.737737,0.014343,1.491384,0.016853,1.056368,0.018740,5.327317,0.015009,0.075691,216991.000000,26.243350,32.288875,0.035359
19,5,38,26,37,-297.633333,0.971674,1.868638,0.014906,1.613090,0.016414,1.145481,0.017287,5.704210,0.014481,0.072112,225356.000000,26.756152,32.286518,0.017038
19,5,38,26,38,-292.633333,0.971426,2.016285,0.015044,1.756158,0.016703,1.254387,0.017768,6.153345,0.014959,0.073382,244347.000000,27.391224,32.284086,0.009073
19,5,38,26,39,-287.633333,0.970879,2.171959,0.014966,1.906424,0.015711,1.368358,0.015867,6.624703,0.014038,0.067964,262984.000000,28.050096,32.316763,0.096590
19,5,38,26,40,-282.633333,0.962995,2.341335,0.014535,2.055681,0.014126,1.471505,0.013148,7.083331,0.012531,0.060318,303136.000000,28.736890,32.403383,0.199509
19,5,38,26,41,-277.633333,0.951823,2.512266,0.013186,2.196811,0.014324,1.561836,0.015041,7.512282,0.013126,0.063135,327087.000000,29.583781,32.388544,0.227332
19,5,38,26,42,-272.633333,0.961072,2.672604,0.011722,2.370347,0.013791,1.706416,0.015523,8.069389,0.012917,0.061081,341434.000000,30.252285,32.305873,0.173563
19,5,38,26,43,-267.633333,0.963714,2.825536,0.011314,2.523699,0.012682,1.826722,0.013729,8.554586,0.011829,0.055396,363369.000000,31.153529,32.257372,0.154066
19,5,38,26,44,-262.633333,0.966041,2.992291,0.011008,2.690401,0.012875,1.957209,0.014472,9.081323,0.012135,0.056307,356228.000000,31.894180,32.315509,0.119262
19,5,38,26,45,-257.633333,0.974290,3.154917,0.010783,2.870094,0.013035,2.109969,0.015036,9.656637,0.012383,0.056674,376034.000000,32.867885,32.307817,0.085346
19,5,38,26,46,-252.633333,0.981638,3.332501,0.011587,3.064516,0.013535,2.274462,0.015210,10.277120,0.012838,0.058008,428226.000000,34.076631,32.314134,0.125629
19,5,38,26,47,-247.633333,0.986649,3.541050,0.011779,3.284865,0.013416,2.455917,0.014777,10.976017,0.012735,0.056915,418544.000000,35.604969,32.407700,0.045631
19,5,44,36,43,-267.633333,0.994647,1.719426,0.013486,1.497911,0.010369,1.078396,0.006471,5.372818,0.007770,0.038714,208904.000000,19.162350,32.440842,-0.006792
19,5,44,36,44,-262.633333,0.968019,1.835363,0.012983,1.575572,0.011310,1.113288,0.008900,5.581563,0.009130,0.045772,214196.000000,19.233259,32.639296,0.126403
19,5,44,36,45,-257.633333,0.956432,1.957716,0.012907,1.676112,0.012633,1.177476,0.011764,5.882387,0.010879,0.054346,228777.000000,19.230283,32.662710,0.089802
19,5,44,36,46,-252.633333,0.948426,2.088046,0.013079,1.787321,0.014404,1.251807,0.015240,6.221479,0.012957,0.064398,241861.000000,19.357555,32.642045,0.070345
19,5,44,36,47,-247.633333,0.954367,2.230821,0.013058,1.933560,0.014839,1.368257,0.016162,6.688524,0.013580,0.066382,254545.000000,19.438454,32.650200,0.060472
19,5,44,36,48,-242.633333,0.953819,2.379351,0.013033,2.074233,0.014053,1.472946,0.014621,7.129756,0.012806,0.061987,271227.000000,19.538998,32.704723,0.079715
19,5,44,36,49,-237.633333,0.952271,2.540925,0.012175,2.225044,0.011933,1.583610,0.011262,7.601552,0.010755,0.051627,300167.000000,19.563419,32.682263,0.085170
19,5,44,36,50,-232.633333,0.940868,2.688700,0.011065,2.339739,0.009328,1.651297,0.007180,7.947325,0.008202,0.039473,299148.000000,19.815640,32.680242,0.088484
19,5,44,36,51,-227.633333,0.925559,2.838426,0.009560,2.443289,0.007384,1.702167,0.004845,8.253372,0.006425,0.031151,329580.000000,19.914622,32.725799,0.090422
19,5,44,36,52,-222.633333,0.911634,2.960064,0.008949,2.520144,0.008610,1.733761,0.007985,8.477571,0.007888,0.038570,287255.000000,20.156914,32.699104,0.116101
19,5,44,36,53,-217.633333,0.915144,3.103327,0.009018,2.660264,0.010296,1.840600,0.011356,8.922092,0.009735,0.047191,301507.000000,20.234758,32.694580,0.108489
19,5,44,36,54,-212.633333,0.918222,3.239934,0.009083,2.794040,0.012386,1.942784,0.015596,9.346169,0.011975,0.057609,321411.000000,20.263546,32.722234,0.086625
19,5,44,36,55,-207.633333,0.940733,3.397614,0.010277,3.006328,0.016371,2.143591,0.022419,10.041304,0.016083,0.075336,415752.000000,20.212932,32.801161,0.075169
19,5,44,36,56,-202.633333,0.972113,3.589106,0.010671,3.286216,0.017034,2.423345,0.023088,10.961064,0.016782,0.075908,440540.000000,20.350872,32.796959,0.069343
19,5,45,36,43,-267.633333,0.920472,1.926202,0.009814,1.591190,0.009456,1.077605,0.008654,5.570093,0.008166,0.042208,214853.000000,20.896669,32.482636,0.173761
19,5,45,36,44,-262.633333,0.913242,2.020719,0.010757,1.666425,0.010683,1.124232,0.010153,5.797510,0.009379,0.048367,214765.000000,21.029738,32.628255,-0.138812
19,5,45,36,45,-257.633333,0.907879,2.143566,0.011767,1.769214,0.012900,1.191750,0.013617,6.113847,0.011705,0.060046,233700.000000,21.198657,32.608629,-0.234738
19,5,45,36,46,-252.633333,0.912115,2.272946,0.012888,1.894648,0.014393,1.286513,0.015466,6.513109,0.013215,0.066904,249414.000000,21.424977,32.538389,-0.262601
19,5,45,36,47,-247.633333,0.911176,2.436497,0.013415,2.041905,0.014994,1.390716,0.016161,6.974576,0.013854,0.069482,261891.000000,21.677681,32.555019,-0.243586
19,5,45,36,48,-242.633333,0.915750,2.599800,0.012877,2.200802,0.014653,1.511267,0.016058,7.479400,0.013666,0.067634,294719.000000,21.908178,32.631527,-0.214926
19,5,45,36,49,-237.633333,0.918508,2.771267,0.012425,2.364380,0.014952,1.633390,0.017189,7.996706,0.014122,0.069136,296700.000000,22.117088,32.566922,-0.223382
19,5,45,36,50,-232.633333,0.930742,2.944125,0.011855,2.554317,0.014371,1.792027,0.016592,8.608662,0.013644,0.065542,327670.000000,22.539422,32.553979,-0.205935
19,5,45,36,51,-227.633333,0.935587,3.120282,0.011241,2.731449,0.014159,1.930724,0.016869,9.171236,0.013536,0.064299,342952.000000,22.814603,32.595287,-0.184976
19,5,45,36,52,-222.633333,0.951593,3.294880,0.010598,2.941056,0.014254,2.117730,0.017661,9.850099,0.013784,0.064112,379103.000000,23.170791,32.598292,-0.171784
19,5,46,37,43,-267.633333,0.971205,2.228989,0.007161,1.962384,0.006197,1.411447,0.004912,6.800936,0.005279,0.025437,262161.000000,22.774048,32.269738,0.053681
19,5,46,37,44,-262.633333,0.962381,2.308802,0.010007,2.023187,0.008952,1.446112,0.007470,6.980451,0.007759,0.037452,245964.000000,23.000402,32.541628,-0.232783
19,5,46,37,45,-257.633333,0.950070,2.460033,0.012486,2.143496,0.011866,1.519471,0.010764,7.342538,0.010555,0.051007,268749.000000,23.220369,32.579067,-0.200372
19,5,46,37,46,-252.633333,0.943690,2.615952,0.014872,2.277533,0.015042,1.609675,0.014710,7.755483,0.013696,0.065986,294393.000000,23.538553,32.537098,-0.201364
19,5,46,37,47,-247.633333,0.939003,2.849084,0.017458,2.486077,0.017499,1.756253,0.017000,8.404695,0.016071,0.076909,323038.000000,23.926981,32.538560,-0.211216
19,5,46,37,48,-242.633333,0.931018,3.113356,0.017675,2.712575,0.017299,1.908235,0.016410,9.106191,0.015970,0.076210,342967.000000,24.446005,32.551604,-0.184833
19,5,46,37,49,-237.633333,0.923170,3.399378,0.017622,2.955312,0.018723,2.069401,0.019403,9.858963,0.017615,0.083921,360780.000000,24.802314,32.506860,-0.170256
19,5,46,37,50,-232.633333,0.929696,3.712381,0.017995,3.265898,0.019595,2.309765,0.020798,10.842849,0.018615,0.087386,382058.000000,25.484711,32.523894,-0.149541
19,5,46,37,51,-227.633333,0.929506,4.067415,0.018025,3.595276,0.020647,2.549781,0.022967,11.877382,0.019794,0.092207,417985.000000,26.072336,32.529945,-0.130405
19,5,46,37,52,-222.633333,0.944710,4.445549,0.017012,4.008226,0.020605,2.895373,0.023872,13.193914,0.019957,0.090940,487254.000000,26.689087,32.534209,-0.115248
19,5,56,46,53,-217.633333,0.973082,2.484665,0.022341,2.214579,0.025849,1.606586,0.028688,7.595691,0.023916,0.113070,279718.000000,26.210800,32.640300,-0.095865
19,5,56,46,54,-212.633333,0.979975,2.762210,0.020954,2.500805,0.021654,1.837036,0.021680,8.503971,0.019879,0.092024,312225.000000,26.658178,32.666061,-0.130567
19,5,56,46,55,-207.633333,0.964888,3.063452,0.019331,2.756092,0.018006,2.004856,0.016067,9.286198,0.016388,0.075908,358384.000000,26.768469,32.680076,-0.117223
19,5,56,46,56,-202.633333,0.951380,3.354409,0.017909,2.997076,0.015895,2.159151,0.013363,10.025820,0.014523,0.067437,386964.000000,27.150013,32.531249,0.143998
19,5,56,46,57,-197.633333,0.933188,3.664177,0.016708,3.232483,0.013542,2.293384,0.009919,10.742257,0.012327,0.057742,409275.000000,27.625973,32.438665,0.040504
19,5,56,46,58,-192.633333,0.910807,3.966634,0.014866,3.434812,0.012164,2.386622,0.009047,11.350071,0.011192,0.053224,386525.000000,28.101163,32.578584,0.118199
19,5,56,46,59,-187.633333,0.898876,4.253868,0.013505,3.650307,0.011807,2.509302,0.009778,12.012509,0.011029,0.052799,420240.000000,28.854117,32.561283,0.101701
19,5,62,56,60,-182.633333,0.938082,2.502221,0.020491,2.158440,0.012796,1.513289,0.004473,7.374225,0.010316,0.050271,258321.000000,27.896059,32.449353,0.071857
19,5,62,56,61,-177.633333,0.894795,2.758582,0.018431,2.296541,0.012467,1.547133,0.005685,7.754594,0.010460,0.052426,284330.000000,28.481168,32.565149,0.149509
19,5,62,56,62,-172.633333,0.865418,3.010649,0.017322,2.444743,0.013923,1.601244,0.009898,8.185320,0.012439,0.063587,266759.000000,29.043133,32.601654,0.177299
19,5,62,56,63,-167.633333,0.851342,3.280072,0.017112,2.636923,0.016117,1.705619,0.014658,8.772780,0.014970,0.076995,285324.000000,29.686157,32.578143,0.137984
19,5,62,56,64,-162.633333,0.846453,3.571949,0.017247,2.869728,0.018701,1.851249,0.019810,9.498563,0.017791,0.091286,293159.000000,30.289573,32.590677,0.125971
19,5,62,56,65,-157.633333,0.854795,3.896120,0.017560,3.173579,0.021114,2.072353,0.024402,10.462707,0.020379,0.102887,328845.000000,31.199002,32.581803,0.108768
19,5,62,56,66,-152.633333,0.869847,4.256126,0.018973,3.539804,0.023475,2.356936,0.027712,11.630738,0.022773,0.112378,388282.000000,32.030259,32.555318,0.021232
19,5,62,56,67,-147.633333,0.887288,4.703643,0.019029,4.004534,0.023210,2.725516,0.027047,13.111391,0.022586,0.108651,431941.000000,32.874301,32.537080,0.004146
19,5,63,56,60,-182.633333,0.997083,2.232394,0.022001,2.012530,0.019339,1.483589,0.015724,6.992814,0.016556,0.078038,254721.000000,30.157665,32.461467,-0.051516
19,5,63,56,61,-177.633333,0.972631,2.477964,0.020382,2.207129,0.018404,1.600229,0.015591,7.571694,0.016123,0.076290,226930.000000,30.916931,32.668388,-0.064511
19,5,63,56,62,-172.633333,0.955073,2.737465,0.019952,2.418727,0.018335,1.733078,0.016010,8.213628,0.016436,0.077894,290687.000000,31.641743,32.554359,0.126141
19,5,63,56,63,-167.633333,0.939061,3.024142,0.019027,2.650610,0.017684,1.877702,0.015736,8.921664,0.016110,0.076546,287015.000000,32.587128,32.497500,0.101028
19,5,63,56,64,-162.633333,0.927289,3.312873,0.017431,2.887461,0.016405,2.028557,0.014873,9.650938,0.015113,0.071901,326556.000000,33.618708,32.520518,-0.008602
19,5,75,70,72,-122.633333,1.021471,1.625131,0.004339,1.436108,0.005035,1.052746,0.005528,5.215119,0.004362,0.021607,194557.000000,19.758279,33.070171,0.075433
19,5,75,70,73,-117.633333,1.021581,1.660392,0.004371,1.472261,0.005796,1.081846,0.007069,5.328850,0.005262,0.025918,204427.000000,19.722395,33.069669,0.084223
19,5,75,70,74,-112.633333,1.030373,1.697713,0.004711,1.521442,0.006387,1.129222,0.007893,5.495517,0.005856,0.028497,206521.000000,19.790388,33.077000,0.045768
19,5,75,70,75,-107.633333,1.033494,1.740363,0.005707,1.569437,0.002751,1.170980,-0.000514,5.650642,0.001356,0.006545,217956.000000,19.716041,33.021001,0.080824
19,5,75,70,76,-102.633333,0.986999,1.797036,0.006941,1.564615,0.000893,1.123208,-0.005870,5.572159,-0.001133,-0.005620,218925.000000,19.716958,33.005616,0.082372
19,5,75,70,77,-97.633333,0.953601,1.865103,0.006992,1.583415,0.001045,1.105045,-0.005446,5.587523,-0.000762,-0.003853,230523.000000,19.846200,33.027304,0.127698
19,5,75,70,78,-92.633333,0.913188,1.927446,0.007210,1.581162,0.001625,1.063023,-0.004603,5.529585,-0.000030,-0.000159,223280.000000,19.751907,33.153096,0.424467
19,5,75,70,79,-87.633333,0.887203,2.004081,0.007564,1.609108,0.003712,1.056117,-0.000630,5.585837,0.002363,0.012497,241828.000000,19.775067,33.149680,0.244866
19,5,75,70,80,-82.633333,0.866811,2.079040,0.006562,1.640891,0.006855,1.056371,0.006899,5.661572,0.006139,0.032904,252408.000000,19.822574,33.140258,0.257908
19,5,75,70,81,-77.633333,0.882348,2.140504,0.005834,1.721593,0.008576,1.128996,0.011174,5.933428,0.008247,0.043344,257768.000000,19.822106,33.173374,0.263500
19,5,75,70,82,-72.633333,0.888369,2.203927,0.005673,1.788537,0.007946,1.182526,0.010101,6.150928,0.007588,0.039470,271044.000000,19.936994,33.117427,0.246805
19,5,75,70,83,-67.633333,0.899229,2.265539,0.004854,1.863709,0.006255,1.248444,0.007513,6.400175,0.005906,0.030279,280878.000000,19.986081,33.144663,0.207694
19,5,75,70,84,-62.633333,0.898150,2.313898,0.004482,1.905114,0.005650,1.276316,0.006707,6.528945,0.005315,0.027186,284287.000000,19.972068,33.162616,0.206753
19,5,75,70,85,-57.633333,0.906489,2.369236,0.003564,1.971344,0.006562,1.334047,0.009570,6.747160,0.006509,0.032922,291248.000000,20.033545,33.165090,0.171163
19,5,75,70,86,-52.633333,0.924818,2.398340,0.002952,2.034483,0.007085,1.403987,0.011273,6.968144,0.007200,0.035735,298065.000000,20.113258,33.152245,0.193181
19,5,75,70,87,-47.633333,0.945637,2.440035,0.003204,2.115485,0.007603,1.492319,0.012052,7.248873,0.007723,0.037516,312035.000000,20.083063,33.185376,0.153314
19,5,75,70,88,-42.633333,0.967585,2.476513,0.003097,2.195322,0.007390,1.583838,0.011724,7.528000,0.007510,0.035695,314144.000000,20.155741,33.216488,0.140478
19,5,75,70,89,-37.633333,0.988319,2.516742,0.003326,2.277727,0.006013,1.678005,0.008640,7.814225,0.005949,0.027706,329152.000000,20.229374,33.190533,0.166041
19,5,75,70,90,-32.633333,0.993751,2.560217,0.003322,2.332291,0.004437,1.728816,0.005470,7.992900,0.004217,0.019497,334694.000000,20.294134,33.203287,0.162410
19,5,75,70,91,-27.633333,0.997251,2.601789,0.002682,2.381214,0.003397,1.772575,0.004040,8.151294,0.003204,0.014735,336021.000000,20.345330,33.279627,0.131234
19,5,75,70,92,-22.633333,0.998993,2.630006,0.002997,2.413188,0.002916,1.800435,0.002727,8.254088,0.002619,0.012007,352511.000000,20.322132,33.267571,0.125999
19,5,75,70,93,-17.633333,0.993602,2.680598,0.003544,2.451583,0.003240,1.821677,0.002800,8.367469,0.002874,0.013202,346131.000000,20.439312,33.330475,0.095997
19,5,75,70,94,-12.633333,0.992260,2.725001,0.002980,2.492618,0.003180,1.851442,0.003285,8.494585,0.002922,0.013406,354443.000000,20.526228,33.290400,0.141912
19,5,75,70,95,-7.633333,0.992995,2.761797,0.003395,2.530845,0.003146,1.882492,0.002776,8.615664,0.002817,0.012891,371277.000000,20.581192,33.377094,0.143883
19,5,75,70,96,-2.633333,0.986654,2.818775,0.003835,2.572243,0.003302,1.903705,0.002623,8.737257,0.002915,0.013377,369477.000000,20.578936,33.288512,0.128302
19,5,75,70,97,2.366667,0.983838,2.869893,0.003597,2.615788,0.002628,1.932428,0.001520,8.870315,0.002238,0.010271,377131.000000,20.572864,33.326273,0.122577
19,5,75,70,98,7.366667,0.973422,2.921996,0.004331,2.640988,0.002665,1.933086,0.000810,8.935740,0.002166,0.010011,381569.000000,20.624971,33.299176,0.105294
19,5,75,70,99,12.366667,0.962843,2.996448,0.005783,2.686160,0.004762,1.948077,0.003526,9.063840,0.004215,0.019611,384685.000000,20.725571,33.314814,0.108714
19,5,75,70,100,17.366667,0.958213,3.095283,0.006243,2.768898,0.005539,2.001770,0.004634,9.317774,0.005008,0.023310,383791.000000,20.767906,33.363047,0.110820
19,5,75,70,101,22.366667,0.951080,3.189678,0.006463,2.839519,0.005817,2.040829,0.004967,9.530455,0.005294,0.024723,385962.000000,20.861585,33.369774,0.085333
19,5,75,70,102,27.366667,0.947022,3.301445,0.006737,2.934076,0.006789,2.103133,0.006657,9.822322,0.006317,0.029504,413965.000000,20.970107,33.403028,0.073924
19,5,75,70,103,32.366667,0.946967,3.412109,0.006179,3.038711,0.007213,2.180841,0.008117,10.150972,0.006863,0.031945,402600.000000,20.955554,33.366556,0.078284
19,5,75,70,104,37.366667,0.953309,3.512290,0.005202,3.153267,0.006101,2.280146,0.006884,10.518984,0.005819,0.026846,413999.000000,21.102036,33.307288,0.065328
19,5,75,70,105,42.366667,0.953041,3.594810,0.005072,3.231082,0.004740,2.337798,0.004274,10.763103,0.004395,0.020235,410555.000000,21.056864,33.295354,0.082836
19,5,75,70,106,47.366667,0.947017,3.694628,0.004975,3.306414,0.005388,2.380063,0.005693,10.992048,0.005102,0.023564,431660.000000,21.146786,33.344110,0.046347
19,5,75,70,107,52.366667,0.953927,3.778611,0.004690,3.409237,0.006791,2.473297,0.008840,11.323934,0.006633,0.030369,428919.000000,21.144442,33.311040,0.074814
19,5,75,70,108,57.366667,0.965424,3.871841,0.004736,3.537949,0.006889,2.598713,0.008973,11.743171,0.006734,0.030432,418347.000000,21.192652,33.351009,0.074584
19,5,75,70,109,62.366667,0.973314,3.961980,0.004621,3.652950,0.009196,2.706474,0.013897,12.114770,0.009193,0.041148,452828.000000,21.290931,33.295998,0.030567
19,5,75,70,110,67.366667,1.009256,4.054923,0.004584,3.873863,0.011405,2.974822,0.018041,12.856828,0.011543,0.049889,460306.000000,21.371028,33.341375,0.027404
19,5,76,70,72,-122.633333,0.912619,1.742811,0.002721,1.411786,0.004260,0.941044,0.005753,4.996771,0.004085,0.021691,197455.000000,21.330535,33.091628,0.014572
19,5,76,70,73,-117.633333,0.918762,1.766518,0.003697,1.441859,0.005256,0.968115,0.006713,5.098833,0.004947,0.026055,203491.000000,21.309514,33.126116,0.048495
19,5,76,70,74,-112.633333,0.924062,1.808118,0.004732,1.487566,0.005530,1.006031,0.006139,5.249013,0.004982,0.025995,209478.000000,21.455870,33.089504,-0.021569
19,5,76,70,75,-107.633333,0.921262,1.852082,0.004460,1.524115,0.004381,1.029871,0.004095,5.360349,0.003765,0.019599,221196.000000,21.377384,33.145537,0.126518
19,5,76,70,76,-102.633333,0.917668,1.890729,0.004576,1.554342,0.004751,1.048205,0.004730,5.450854,0.004170,0.021686,231924.000000,21.433650,33.140713,0.143067
19,5,76,70,77,-97.633333,0.917470,1.938601,0.004188,1.597968,0.004287,1.079446,0.004207,5.587665,0.003767,0.019501,239242.000000,21.615134,33.107486,0.001381
19,5,76,70,78,-92.633333,0.913866,1.971916,0.005053,1.622842,0.004387,1.093621,0.003479,5.661359,0.003684,0.019070,231060.000000,21.137347,32.984117,0.567661
19,5,76,70,79,-87.633333,0.905189,2.038243,0.006789,1.669157,0.006856,1.117497,0.006642,5.796222,0.006055,0.031405,248426.000000,21.217331,33.019658,0.357505
19,5,76,70,80,-82.633333,0.906876,2.110297,0.007472,1.737284,0.007907,1.167846,0.008060,6.012310,0.007118,0.036645,251574.000000,21.285929,33.009231,0.348885
19,5,76,70,81,-77.633333,0.902224,2.195926,0.008030,1.806530,0.007382,1.211631,0.006405,6.224179,0.006458,0.033176,263747.000000,21.412023,33.071665,0.327910
19,5,76,70,82,-72.633333,0.892895,2.286640,0.008687,1.870636,0.007420,1.245454,0.005790,6.414285,0.006421,0.033068,270503.000000,21.605190,33.012730,0.308274
19,5,76,70,83,-67.633333,0.882126,2.394571,0.008006,1.945322,0.007445,1.283748,0.006577,6.636029,0.006630,0.034271,271402.000000,21.660100,33.003131,0.336088
19,5,76,70,84,-62.633333,0.880332,2.478354,0.007518,2.015460,0.008166,1.329891,0.008585,6.854242,0.007545,0.038888,281304.000000,21.701561,33.040417,0.314157
19,5,76,70,85,-57.633333,0.882227,2.580894,0.008882,2.109904,0.010555,1.397919,0.012002,7.153198,0.009930,0.050813,290902.000000,21.857495,33.047954,0.281894
19,5,76,70,86,-52.633333,0.889304,2.707596,0.009395,2.238157,0.011713,1.497673,0.013814,7.564569,0.011131,0.056224,303950.000000,22.017070,33.021136,0.291065
19,5,76,70,87,-47.633333,0.897605,2.835285,0.012963,2.372062,0.015653,1.604811,0.018039,7.995245,0.014840,0.073934,346748.000000,22.159853,33.010002,0.275766
19,5,76,70,88,-42.633333,0.905834,3.075124,0.012540,2.609463,0.015131,1.787166,0.017445,8.751068,0.014414,0.070582,354042.000000,22.315811,33.021535,0.253070
19,5,76,70,89,-37.633333,0.914804,3.220893,0.008373,2.766894,0.009723,1.916583,0.010873,9.256661,0.009241,0.044634,354404.000000,22.487253,33.005411,0.233305
19,5,76,70,90,-32.633333,0.914205,3.344820,0.007281,2.878492,0.007407,1.995549,0.007348,9.606518,0.006933,0.033375,414159.000000,23.036530,33.041679,0.080535
19,5,76,70,91,-27.633333,0.911694,3.464415,0.007525,2.980112,0.007138,2.063223,0.006556,9.922677,0.006637,0.031919,373415.000000,22.693756,33.073249,0.233415
19,5,76,70,92,-22.633333,0.906243,3.605514,0.004327,3.091226,0.003496,2.130812,0.002543,10.265070,0.003182,0.015329,383302.000000,22.786966,33.086367,0.230713
19,5,76,70,93,-17.633333,0.901126,3.620423,0.004886,3.088195,0.003325,2.117412,0.001623,10.249314,0.002947,0.014265,392642.000000,22.817597,33.197927,0.232910
19,5,76,70,94,-12.633333,0.889282,3.782397,0.008565,3.193904,0.006619,2.165170,0.004411,10.567110,0.006015,0.029355,409857.000000,23.090488,33.105479,0.209983
19,5,77,71,72,-122.633333,0.835555,2.022209,0.017080,1.539843,0.019512,0.956114,0.021386,5.308248,0.017919,0.099485,169079.000000,22.825170,32.744347,0.163623
19,5,77,71,73,-117.633333,0.838784,2.194910,0.016788,1.690069,0.018883,1.058352,0.020449,5.783843,0.017442,0.095321,183166.000000,22.869610,32.769324,0.131836
19,5,77,71,74,-112.633333,0.841088,2.390699,0.016484,1.858973,0.018164,1.172532,0.019350,6.317079,0.016849,0.090777,202985.000000,23.203957,32.766780,0.098626
19,5,77,71,75,-107.633333,0.841970,2.588999,0.016044,2.027726,0.019049,1.285238,0.021688,6.848232,0.017971,0.095759,274346.000000,23.056378,32.933012,0.267426
19,5,77,71,76,-102.633333,0.856189,2.806087,0.015397,2.245225,0.017955,1.451272,0.020112,7.547805,0.017004,0.088437,288053.000000,23.223750,32.941700,0.247041
19,5,77,71,77,-97.633333,0.856786,3.021055,0.013702,2.430862,0.013644,1.577121,0.013222,8.131690,0.012701,0.065489,300762.000000,23.562917,32.898150,0.218964
19,5,77,71,78,-92.633333,0.848223,3.220028,0.013001,2.576900,0.012343,1.659803,0.011339,8.580640,0.011469,0.059291,361189.000000,23.109991,32.924195,0.215841
19,5,77,71,79,-87.633333,0.843582,3.439678,0.013686,2.748933,0.013652,1.765319,0.013296,9.115804,0.012844,0.066322,355801.000000,23.306202,32.949049,0.189650
19,5,77,71,80,-82.633333,0.841004,3.690799,0.014269,2.952192,0.012938,1.894522,0.011293,9.751432,0.012106,0.062310,357889.000000,23.539563,32.956159,0.155213
19,5,77,71,81,-77.633333,0.826308,3.966330,0.015477,3.130883,0.013934,1.979271,0.012031,10.296287,0.013090,0.068095,346974.000000,23.851431,33.020863,0.137942
19,5,77,71,82,-72.633333,0.820739,4.304651,0.017461,3.388435,0.017678,2.132653,0.017578,11.099226,0.016904,0.087974,381756.000000,24.240817,32.968522,0.122671
19,5,77,71,83,-67.633333,0.821247,4.717967,0.017521,3.729879,0.018309,2.354144,0.018817,12.172468,0.017634,0.091179,421051.000000,24.601223,32.992884,0.094391
19,5,78,71,72,-122.633333,0.976650,2.095627,0.008678,1.841998,-0.000171,1.326051,-0.009321,6.429881,-0.002181,-0.010576,198920.000000,24.710781,32.938089,0.116239
19,5,78,71,73,-117.633333,0.925828,2.186556,0.007774,1.840426,0.000839,1.264251,-0.006818,6.359758,-0.000841,-0.004232,210110.000000,24.941604,32.993301,0.083093
19,5,78,71,74,-112.633333,0.895854,2.265620,0.007470,1.857435,0.003199,1.239850,-0.001555,6.376379,0.001986,0.010215,197389.000000,25.411483,32.983131,0.071405
19,5,78,71,75,-107.633333,0.876430,2.355793,0.006626,1.899845,0.004411,1.244973,0.001857,6.486405,0.003556,0.018525,213592.000000,24.980812,32.810901,0.183423
19,5,78,71,76,-102.633333,0.868426,2.421711,0.006670,1.941232,0.006749,1.262964,0.006601,6.607012,0.006142,0.032129,222615.000000,25.188186,32.818507,0.193953
19,5,78,71,77,-97.633333,0.871501,2.517323,0.007233,2.030856,0.008772,1.328345,0.010129,6.892179,0.008274,0.042929,242174.000000,25.717098,32.802457,0.167769
19,5,78,71,78,-92.633333,0.877409,2.603796,0.007980,2.119383,0.010753,1.397511,0.013385,7.177263,0.010306,0.052930,259568.000000,25.557518,32.793040,0.078028
19,5,78,71,79,-87.633333,0.891456,2.725095,0.008688,2.258760,0.012330,1.515404,0.015821,7.631880,0.011918,0.060021,287660.000000,25.867206,32.829111,0.098896
19,5,78,71,80,-82.633333,0.906206,2.840543,0.008370,2.397885,0.011467,1.637257,0.014391,8.086830,0.011051,0.054582,302276.000000,26.366989,32.800526,0.030209
19,5,78,71,81,-77.633333,0.915930,2.962843,0.008279,2.533722,0.010798,1.751029,0.013148,8.525521,0.010357,0.050428,314730.000000,26.990019,32.864524,-0.001649
19,5,78,71,82,-72.633333,0.925259,3.085826,0.008630,2.671467,0.011416,1.867481,0.014044,8.969840,0.010981,0.052745,325340.000000,27.701543,32.887608,-0.029723
19,5,78,71,83,-67.633333,0.937489,3.229152,0.009933,2.838685,0.010975,2.013296,0.011756,9.510529,0.010355,0.048917,331500.000000,28.283339,32.864907,-0.009624
19,5,78,71,84,-62.633333,0.930161,3.406586,0.011258,2.982999,0.010333,2.104173,0.009094,9.954678,0.009527,0.045070,345583.000000,28.895022,32.973195,-0.038376
19,5,78,71,85,-57.633333,0.921525,3.612667,0.013806,3.146921,0.012121,2.204653,0.010075,10.458874,0.011179,0.053035,365333.000000,29.722740,32.966420,-0.058103
19,5,78,71,86,-52.633333,0.906669,3.905344,0.014989,3.364441,0.012930,2.326302,0.010459,11.123920,0.011957,0.057176,378779.000000,30.309649,32.964893,-0.061225
19,5,80,72,73,-117.633333,0.966606,2.128566,0.015710,1.856976,0.012499,1.325543,0.008574,6.463778,0.010319,0.050318,225547.000000,27.555439,32.943461,-0.051411
19,5,80,72,74,-112.633333,0.942449,2.295762,0.013362,1.973027,0.010557,1.382371,0.007125,6.797273,0.008813,0.043332,237212.000000,28.173706,32.943932,-0.090256
19,5,80,72,75,-107.633333,0.923140,2.435336,0.011152,2.065274,0.006357,1.424031,0.001113,7.062788,0.004840,0.024004,245786.000000,27.742577,32.989333,-0.038125
19,5,80,72,76,-102.633333,0.885132,2.567354,0.010615,2.104315,0.004369,1.398213,-0.002462,7.139102,0.002894,0.014777,250418.000000,28.081551,32.985305,-0.063965
19,5,80,72,77,-97.633333,0.854523,2.707855,0.008856,2.157219,0.004327,1.389610,-0.000662,7.269403,0.003255,0.017027,254710.000000,28.794226,32.953337,-0.054790
19,5,80,72,78,-92.633333,0.836350,2.807153,0.007653,2.197653,0.005154,1.389014,0.002340,7.375714,0.004403,0.023380,224909.000000,28.777407,32.857043,0.148028
19,5,80,72,79,-87.633333,0.827076,2.922699,0.008247,2.270495,0.007622,1.422119,0.006749,7.594154,0.007002,0.037393,261291.000000,29.338167,32.878765,0.097268
19,5,80,72,80,-82.633333,0.825750,3.048175,0.008413,2.370700,0.010531,1.484994,0.012521,7.907481,0.010108,0.053825,275502.000000,30.055761,32.803154,0.138010
19,5,80,72,81,-77.633333,0.840387,3.179153,0.008341,2.520155,0.012279,1.608051,0.016116,8.393449,0.011997,0.062620,284759.000000,30.884457,32.801752,0.129407
19,5,80,72,82,-72.633333,0.856405,3.313335,0.006969,2.680162,0.009633,1.744155,0.012160,8.914449,0.009369,0.047887,308118.000000,31.802332,32.730445,0.108910
19,5,80,72,83,-67.633333,0.861446,3.410057,0.004977,2.778325,0.006217,1.820140,0.007366,9.228676,0.005991,0.030375,311850.000000,32.697183,32.716503,0.126160
19,5,80,72,84,-62.633333,0.865203,3.483041,0.004537,2.852892,0.003266,1.878227,0.001891,9.467308,0.002929,0.014763,334327.000000,33.686942,32.739382,0.118099
19,5,80,72,85,-57.633333,0.848026,3.568097,0.003770,2.871509,0.000836,1.855665,-0.002269,9.505957,0.000451,0.002309,302152.000000,34.632712,32.717381,0.096256
19,5,80,72,86,-52.633333,0.836803,3.617551,0.004144,2.876905,0.000640,1.836128,-0.002990,9.510158,0.000226,0.001172,314635.000000,35.384284,32.706031,0.075501
19,5,80,72,87,-47.633333,0.815679,3.717997,0.005403,2.889910,0.000900,1.800764,-0.003928,9.527482,0.000364,0.001924,303222.000000,36.502924,32.730012,0.049949
19,5,82,77,84,-62.633333,0.800101,2.660925,0.015151,1.991629,0.014143,1.203772,0.012686,6.688479,0.012970,0.072065,213988.000000,23.611795,32.944082,0.159244
19,5,82,77,85,-57.633333,0.791990,2.862506,0.015336,2.132467,0.016240,1.280128,0.016769,7.122229,0.015248,0.084838,232363.000000,23.920986,32.961649,0.143166
19,5,82,77,86,-52.633333,0.798315,3.099908,0.015749,2.337936,0.017605,1.418431,0.019114,7.774509,0.016746,0.091788,237421.000000,24.174083,32.988809,0.172218
19,5,82,77,87,-47.633333,0.800280,3.350703,0.009838,2.544059,0.012371,1.551244,0.014770,8.424183,0.011952,0.064908,296396.000000,24.641289,33.054561,0.160478
19,5,82,77,88,-42.633333,0.815036,3.429551,0.010703,2.652649,0.015542,1.647546,0.020290,8.781398,0.015192,0.080972,305798.000000,25.074068,33.114151,0.134884
19,5,82,77,89,-37.633333,0.835482,3.717782,0.012464,2.956342,0.017074,1.885527,0.021496,9.758227,0.016665,0.086246,304969.000000,25.428968,33.032242,0.096413
19,5,82,77,90,-32.633333,0.850991,3.892917,0.011442,3.157426,0.017264,2.052851,0.023072,10.407587,0.016961,0.085989,277025.000000,26.268791,33.134562,0.072963
19,5,82,77,91,-27.633333,0.881059,4.163203,0.012985,3.501441,0.019650,2.359158,0.025967,11.523453,0.019367,0.094599,399735.000000,26.146566,33.118793,0.080235
19,5,83,77,84,-62.633333,0.932440,2.565962,0.018889,2.206022,0.017199,1.539952,0.014836,7.516595,0.015359,0.074968,258377.000000,25.988674,33.091449,0.038865
19,5,83,77,85,-57.633333,0.917404,2.808299,0.017189,2.395730,0.015640,1.654188,0.013513,8.093827,0.014109,0.069036,286958.000000,26.530263,33.078482,0.006840
19,5,83,77,86,-52.633333,0.904034,3.048680,0.016113,2.580722,0.015989,1.763483,0.015397,8.658579,0.014787,0.072601,309031.000000,27.040100,32.845971,-0.176073
19,5,83,77,87,-47.633333,0.904337,3.299519,0.016492,2.808371,0.016352,1.925719,0.015787,9.374129,0.015258,0.074274,303349.000000,27.593074,32.828639,-0.002180
19,5,83,77,88,-42.633333,0.893832,3.592835,0.016425,3.039938,0.015040,2.067488,0.013237,10.088884,0.013976,0.068201,330051.000000,28.280296,32.862801,-0.032666
19,5,83,77,89,-37.633333,0.882530,3.889624,0.016246,3.265565,0.015859,2.199387,0.015101,10.784176,0.014951,0.073309,367947.000000,28.991446,32.914947,0.093430
19,5,83,77,90,-32.633333,0.881624,4.224724,0.017456,3.557815,0.014669,2.399621,0.011585,11.701228,0.013709,0.066851,368619.000000,29.750021,32.975286,0.090991
19,5,83,77,91,-27.633333,0.852229,4.627081,0.017391,3.787470,0.012127,2.477383,0.006278,12.388349,0.011093,0.055472,369620.000000,30.487336,33.019272,0.071150
19,5,88,82,92,-22.633333,0.790751,2.761787,0.013807,2.049698,0.013538,1.226866,0.012888,6.860881,0.012563,0.070256,210929.000000,25.208327,33.052887,0.171130
19,5,88,82,93,-17.633333,0.786150,2.952453,0.013312,2.188440,0.014742,1.305924,0.015887,7.291857,0.013962,0.077957,226222.000000,25.258800,33.101789,0.175317
19,5,88,82,94,-12.633333,0.794957,3.154821,0.014397,2.372327,0.017201,1.434333,0.019727,7.878945,0.016497,0.090620,238124.000000,25.781921,33.075933,0.169876
19,5,88,82,95,-7.633333,0.802787,3.406640,0.015222,2.596503,0.018780,1.588869,0.022104,8.591650,0.018116,0.097963,271081.000000,26.277472,33.163399,0.128267
19,5,88,82,96,-2.633333,0.817608,3.673395,0.016008,2.859939,0.021436,1.785536,0.026704,9.435450,0.020867,0.110269,294841.000000,26.747711,33.053337,0.093777
19,5,88,82,97,2.366667,0.841505,3.994660,0.017913,3.209560,0.024197,2.065682,0.030262,10.560545,0.023614,0.120723,327485.000000,27.148625,33.062415,0.109597
19,5,88,82,98,7.366667,0.865166,4.388963,0.017968,3.636548,0.023483,2.410645,0.028620,11.929193,0.022946,0.113550,432263.000000,27.441179,33.072346,0.112774
19,5,89,82,92,-22.633333,0.997554,2.423989,0.020308,2.204507,0.013121,1.634611,0.005206,7.596559,0.010410,0.048381,236821.000000,27.572672,33.169203,-0.020161
19,5,89,82,93,-17.633333,0.952739,2.670118,0.018302,2.349129,0.013527,1.677159,0.007876,7.991976,0.011388,0.054264,298540.000000,27.667591,33.081212,0.222014
19,5,89,82,94,-12.633333,0.929646,2.912669,0.017747,2.522284,0.015857,1.766705,0.013341,8.506655,0.014278,0.068747,266984.000000,28.212403,33.007235,0.176584
19,5,89,82,95,-7.633333,0.919519,3.187026,0.016603,2.749083,0.014518,1.912856,0.011957,9.206537,0.013212,0.063589,294586.000000,29.020158,33.091346,0.153788
19,5,89,82,96,-2.633333,0.899215,3.441817,0.016627,2.921410,0.016027,1.995420,0.014966,9.723023,0.014911,0.072658,319065.000000,29.832822,32.976112,0.129344
19,5,89,82,97,2.366667,0.902304,3.759292,0.018147,3.217307,0.018696,2.211499,0.018841,10.656363,0.017696,0.085272,349684.000000,30.472464,33.006495,0.093663
19,5,89,82,98,7.366667,0.896016,4.124029,0.017688,3.522904,0.017349,2.412090,0.016632,11.608802,0.016409,0.078972,392274.000000,31.286926,33.050757,0.085999
19,5,94,76,95,-7.633333,0.941309,1.911796,0.010720,1.609440,0.006670,1.112085,0.002065,5.653580,0.004793,0.024369,204905.000000,22.427288,32.999605,0.136491
19,5,94,76,96,-2.633333,0.914834,2.014269,0.012236,1.663117,0.007370,1.123566,0.001847,5.789079,0.005339,0.027506,212254.000000,22.438121,32.962890,0.266226
19,5,94,76,97,2.366667,0.879399,2.158253,0.012748,1.732005,0.008364,1.132840,0.003259,5.962634,0.006510,0.034265,215511.000000,22.564916,32.953228,0.111843
19,5,94,76,98,7.366667,0.858858,2.289412,0.012981,1.807981,0.010235,1.160488,0.006921,6.177249,0.008723,0.046433,236481.000000,22.767936,32.862941,-0.006268
19,5,94,76,99,12.366667,0.842818,2.455440,0.011132,1.917047,0.009860,1.213156,0.008166,6.501489,0.008768,0.046987,241802.000000,22.898861,32.885721,-0.029446
19,5,94,76,100,17.366667,0.838055,2.562746,0.007040,1.997000,0.008412,1.259553,0.009629,6.747272,0.007940,0.042536,240777.000000,23.095700,32.942413,-0.040299
19,5,94,76,101,22.366667,0.849827,2.635861,0.006085,2.085040,0.008990,1.334433,0.011795,7.037252,0.008733,0.046056,262904.000000,23.419821,32.955373,-0.013197
19,5,94,76,102,27.366667,0.860530,2.723150,0.007029,2.184438,0.009114,1.416949,0.011039,7.361861,0.008729,0.045351,242191.000000,23.601576,33.041627,-0.071184
19,5,94,76,103,32.366667,0.864639,2.827274,0.006411,2.284135,0.009337,1.490845,0.012206,7.679846,0.009071,0.046728,257077.000000,23.707572,33.011706,-0.038916
19,5,94,76,104,37.366667,0.883174,2.904412,0.008225,2.397713,0.011979,1.598920,0.015582,8.058506,0.011639,0.058659,268587.000000,23.921934,32.965145,-0.018327
19,5,94,76,105,42.366667,0.894640,3.066169,0.012304,2.571353,0.014582,1.739985,0.016566,8.617755,0.013869,0.068691,286498.000000,23.888190,32.957690,-0.008150
19,5,94,76,106,47.366667,0.897575,3.281673,0.012243,2.772657,0.015036,1.887163,0.017616,9.253715,0.014399,0.070604,305563.000000,24.253864,33.023216,0.006805
19,5,94,76,107,52.366667,0.913293,3.467934,0.011100,2.988239,0.016053,2.072422,0.020905,9.950175,0.015656,0.075168,325183.000000,24.334550,33.006275,-0.009387
19,5,94,76,108,57.366667,0.938579,3.666617,0.012948,3.252360,0.015672,2.320401,0.018076,10.811507,0.015058,0.070161,345853.000000,24.552653,33.023468,-0.008165
19,5,94,76,109,62.366667,0.934756,3.942687,0.014542,3.497939,0.014993,2.491869,0.015125,11.578188,0.014191,0.065937,351160.000000,25.025227,32.996532,-0.010519
19,5,94,76,110,67.366667,0.935010,4.239968,0.013944,3.776799,0.014612,2.697287,0.015001,12.454574,0.013919,0.064268,371928.000000,25.253921,33.025873,-0.004203
19,5,94,76,111,72.366667,0.934571,4.533889,0.015492,4.049802,0.013935,2.896478,0.012084,13.311684,0.013129,0.060337,381534.000000,25.480201,33.045352,-0.004488
19,5,94,76,112,77.366667,0.914688,4.942347,0.016529,4.341159,0.013423,3.047301,0.009899,14.202219,0.012541,0.058447,397006.000000,25.789362,33.209052,0.058245
19,5,95,76,95,-7.633333,0.947758,2.094950,0.014630,1.792740,0.008935,1.255070,0.002600,6.237647,0.006650,0.033053,223143.000000,24.129443,33.361764,0.214172
19,5,95,76,96,-2.633333,0.912523,2.248193,0.011625,1.872829,0.005061,1.271387,-0.002105,6.445064,0.003141,0.015924,245831.000000,24.305041,33.248330,0.136783
19,5,95,76,97,2.366667,0.869984,2.356304,0.009734,1.887521,0.004062,1.228310,-0.002284,6.440098,0.002575,0.013501,250632.000000,24.559397,33.278749,0.138539
19,5,95,76,98,7.366667,0.849352,2.477553,0.008084,1.949500,0.005472,1.243334,0.002482,6.610896,0.004531,0.024093,220513.000000,24.718162,33.321940,0.055802
19,5,95,76,99,12.366667,0.839121,2.556600,0.006897,1.994192,0.005575,1.259164,0.003990,6.739653,0.004899,0.026220,242883.000000,24.974786,33.325332,0.051660
19,5,95,76,100,17.366667,0.832519,2.653880,0.007580,2.060667,0.009347,1.293578,0.010980,6.941050,0.008881,0.047654,253752.000000,25.197706,33.367035,0.074340
19,5,95,76,101,22.366667,0.849065,2.757761,0.007917,2.186811,0.012345,1.401205,0.016684,7.356101,0.012077,0.063403,260868.000000,25.740286,33.360626,0.042252
19,5,95,76,102,27.366667,0.867688,2.872219,0.008217,2.330621,0.012151,1.527356,0.015943,7.829450,0.011834,0.060662,273741.000000,25.904158,33.370035,0.036337
19,5,95,76,103,32.366667,0.880641,2.993775,0.008705,2.470012,0.011941,1.644706,0.015025,8.282626,0.011546,0.058143,280278.000000,26.234738,33.305857,0.048445
19,5,95,76,104,37.366667,0.892675,3.132813,0.008924,2.625573,0.012130,1.774469,0.015186,8.785724,0.011731,0.058082,299590.000000,26.626962,33.248367,0.038001
19,5,95,76,105,42.366667,0.905653,3.273338,0.009961,2.788492,0.012545,1.914181,0.014921,9.313282,0.012050,0.058629,311988.000000,26.761859,33.232200,0.029590
19,5,95,76,106,47.366667,0.911803,3.458876,0.010517,2.975397,0.013150,2.060076,0.015603,9.907998,0.012643,0.060809,329247.000000,27.290731,33.186508,0.137187
19,5,95,76,107,52.366667,0.924711,3.637094,0.010487,3.179755,0.013963,2.235613,0.017279,10.565990,0.013531,0.063950,344948.000000,27.565579,33.241095,0.018566
19,5,95,76,108,57.366667,0.939744,3.840291,0.010452,3.419373,0.013715,2.446359,0.016802,11.337669,0.013295,0.061614,352620.000000,28.078321,33.244980,0.022342
19,5,95,76,109,62.366667,0.951603,4.038497,0.010299,3.648713,0.013258,2.646645,0.016055,12.073283,0.012844,0.058590,383950.000000,28.713898,33.008076,-0.133298
19,5,95,76,110,67.366667,0.963884,4.256201,0.010134,3.903104,0.013499,2.871270,0.016733,12.888336,0.013133,0.058950,402674.000000,29.220163,33.019971,-0.128116
19,5,95,76,111,72.366667,0.980315,4.469810,0.009870,4.175585,0.012367,3.127087,0.014686,13.765896,0.011989,0.052776,420148.000000,29.770460,33.040467,-0.107065
19,5,95,76,112,77.366667,0.985192,4.697366,0.009689,4.419516,0.011039,3.330511,0.012216,14.538691,0.010631,0.046407,426199.000000,30.276950,33.188100,0.076369
19,5,102,75,111,72.366667,1.022093,1.912434,0.004989,1.730497,0.008870,1.289587,0.012764,6.140829,0.008688,0.041371,206937.000000,20.438350,33.297466,0.074683
19,5,102,75,112,77.366667,1.040538,1.960138,0.004995,1.807245,0.008625,1.371889,0.012187,6.407588,0.008423,0.039342,207104.000000,20.458565,33.328839,0.076530
19,5,102,75,113,82.366667,1.057770,2.010349,0.005498,1.886373,0.007771,1.456779,0.009864,6.680553,0.007307,0.033507,217708.000000,20.534253,33.345367,0.090472
19,5,102,75,114,87.366667,1.060035,2.070660,0.006631,1.953830,0.006381,1.515585,0.005819,6.895708,0.005431,0.024711,229697.000000,20.528584,33.365462,0.090266
19,5,102,75,115,92.366667,1.045653,2.147652,0.007162,2.011056,0.005707,1.544973,0.003864,7.055073,0.004567,0.020855,239108.000000,20.620217,33.404764,0.054522
19,5,102,75,116,97.366667,1.032839,2.224486,0.007078,2.068607,0.006656,1.575289,0.005903,7.217919,0.005712,0.026171,242950.000000,20.693872,33.398286,0.039796
19,5,102,75,117,102.366667,1.031163,2.305098,0.007527,2.148746,0.007039,1.637968,0.006227,7.467350,0.006099,0.027804,255755.000000,20.741677,33.395953,0.026931
19,5,102,75,118,107.366667,1.018556,2.398000,0.007592,2.219858,0.007860,1.677285,0.007835,7.673335,0.007027,0.032147,266859.000000,20.753712,33.393169,0.036557
19,5,102,75,119,112.366667,1.024693,2.487147,0.007643,2.323231,0.009148,1.769387,0.010414,8.006544,0.008491,0.038422,274410.000000,20.815221,33.438138,0.028944
19,5,102,75,120,117.366667,1.027359,2.588085,0.008069,2.432389,0.008831,1.861544,0.009319,8.353162,0.008084,0.036276,275432.000000,20.960288,33.431164,0.025556
19,5,102,75,121,122.366667,1.025051,2.695976,0.008403,2.538025,0.007491,1.942859,0.006263,8.681833,0.006596,0.029475,281873.000000,21.022261,33.436758,0.017456
19,5,102,75,122,127.366667,1.009433,2.814624,0.009710,2.622506,0.007210,1.983225,0.004312,8.925815,0.006109,0.027492,297564.000000,21.099697,33.440418,0.006514
19,5,102,75,123,132.366667,0.989152,2.969277,0.012460,2.727096,0.010360,2.028372,0.007783,9.227069,0.009141,0.041583,301491.000000,21.185626,33.499260,0.017089
19,5,102,75,124,137.366667,0.976468,3.184592,0.014334,2.905033,0.012945,2.141096,0.011100,9.769266,0.011755,0.053634,320797.000000,21.306466,33.502929,0.025616
19,5,102,75,125,142.366667,0.964047,3.425769,0.017167,3.103155,0.017788,2.266037,0.017964,10.375433,0.016630,0.076143,338203.000000,21.353183,33.502564,0.027115
19,5,102,75,126,147.366667,0.969834,3.772680,0.018391,3.457025,0.020473,2.548173,0.022144,11.494694,0.019474,0.087848,386160.000000,21.106637,33.561625,0.054373
19,5,103,75,111,72.366667,0.971676,2.281981,0.006649,2.014729,0.011030,1.451995,0.015404,6.965998,0.010756,0.051601,248544.000000,22.422853,33.376979,0.031089
19,5,103,75,112,77.366667,0.990988,2.357841,0.006680,2.125840,0.010529,1.563831,0.014257,7.340619,0.010217,0.047960,260844.000000,22.482579,33.414883,0.057357
19,5,103,75,113,82.366667,1.006803,2.439484,0.007021,2.238549,0.010283,1.674945,0.013394,7.716004,0.009879,0.045508,275292.000000,22.671854,33.410641,0.000998
19,5,103,75,114,87.366667,1.019810,2.529116,0.006325,2.356029,0.008933,1.788173,0.011394,8.102850,0.008547,0.038731,278663.000000,22.763378,33.422175,0.000001
19,5,103,75,115,92.366667,1.029651,2.599455,0.006323,2.449016,0.007997,1.878690,0.009491,8.408575,0.007524,0.033675,295422.000000,22.921755,33.449008,-0.003412
19,5,103,75,116,97.366667,1.032345,2.693474,0.008090,2.551887,0.008595,1.966479,0.008826,8.735499,0.007855,0.034891,303100.000000,23.075055,33.453755,0.017619
19,5,103,75,117,102.366667,1.027533,2.817364,0.008575,2.668354,0.007496,2.052254,0.006100,9.094708,0.006609,0.029289,317242.000000,23.203815,33.456632,0.047005
19,5,103,75,118,107.366667,1.012558,2.935068,0.008739,2.751901,0.007039,2.091670,0.004992,9.336581,0.006130,0.027361,334556.000000,23.357159,33.448686,0.013536
19,5,103,75,119,112.366667,1.001054,3.073868,0.010405,2.862052,0.008609,2.156672,0.006449,9.667016,0.007626,0.034182,339167.000000,23.524362,33.472217,0.020975
19,5,103,75,120,117.366667,0.985156,3.254898,0.011570,2.998305,0.009074,2.230749,0.006186,10.073780,0.008028,0.036254,357170.000000,23.784625,33.466311,0.040087
19,5,103,75,121,122.366667,0.966406,3.450451,0.011711,3.134110,0.009509,2.294665,0.006923,10.475750,0.008553,0.039046,364218.000000,24.009828,33.471208,0.046119
19,5,103,75,122,127.366667,0.954307,3.658971,0.012255,3.296343,0.009923,2.389600,0.007250,10.969753,0.009012,0.041370,398511.000000,24.430671,33.483839,-0.029653
19,5,103,75,123,132.366667,0.935971,3.898854,0.012305,3.461213,0.009527,2.467909,0.006346,11.464340,0.008628,0.040081,396657.000000,24.507435,33.493554,0.021890
19,5,106,94,113,82.366667,0.863196,2.480850,0.012810,1.981558,0.012640,1.283425,0.012046,6.727592,0.011515,0.060363,176356.000000,25.177563,33.291612,-0.026470
19,5,106,94,114,87.366667,0.857943,2.639754,0.014504,2.106797,0.014065,1.360728,0.013170,7.114948,0.012862,0.067251,179532.000000,25.335650,33.291579,-0.022414
19,5,106,94,115,92.366667,0.849509,2.863710,0.015250,2.277876,0.015208,1.462636,0.014731,7.642698,0.014083,0.073588,190398.000000,25.520066,33.179947,0.038866
19,5,106,94,116,97.366667,0.847520,3.076460,0.016066,2.453215,0.018002,1.576191,0.019584,8.191266,0.017039,0.088552,199041.000000,25.829568,33.205142,0.039926
19,5,106,94,117,102.366667,0.856772,3.357983,0.017398,2.719496,0.020370,1.771320,0.022991,9.038443,0.019482,0.099412,244740.000000,26.038327,33.265268,0.091731
19,5,106,94,118,107.366667,0.865376,3.660691,0.017397,3.007163,0.021485,1.983429,0.025320,9.952165,0.020722,0.103978,278942.000000,26.384190,33.264457,0.084836
19,5,106,94,119,112.366667,0.884513,3.994834,0.015077,3.365587,0.020381,2.273526,0.025508,11.100768,0.019869,0.097013,326341.000000,26.813041,33.289696,0.073421
19,5,106,94,120,117.366667,0.907801,4.262987,0.014039,3.693090,0.019558,2.563356,0.024909,12.157789,0.019126,0.090711,366972.000000,27.230878,33.292670,0.068457
19,5,106,94,121,122.366667,0.930401,4.593323,0.012592,4.087864,0.017985,2.912042,0.023256,13.426014,0.017646,0.081355,408500.000000,27.771946,33.296215,0.054084
19,5,106,94,122,127.366667,0.955107,4.841396,0.010248,4.428284,0.015375,3.240581,0.020277,14.526882,0.015156,0.067943,457225.000000,28.391623,33.297606,0.044531
19,5,107,94,113,82.366667,0.954966,2.798925,0.014459,2.477169,0.018925,1.776735,0.023138,8.397093,0.018031,0.085216,238824.000000,27.496342,33.087422,-0.020704
19,5,107,94,114,87.366667,0.970870,3.001275,0.013215,2.711566,0.015912,1.982285,0.018260,9.154122,0.015077,0.069625,267681.000000,27.914628,33.121675,-0.012060
19,5,107,94,115,92.366667,0.973914,3.195557,0.013293,2.908646,0.015457,2.138710,0.017311,9.777256,0.014613,0.066804,271567.000000,28.329665,33.251304,0.042598
19,5,107,94,116,97.366667,0.983238,3.426057,0.013405,3.161161,0.015295,2.352514,0.016861,10.582861,0.014492,0.065195,267229.000000,28.873655,33.255098,0.011037
19,5,107,94,117,102.366667,0.985112,3.654807,0.013601,3.392136,0.014979,2.535366,0.016045,11.310976,0.014177,0.063250,301315.000000,29.439699,33.213664,-0.076702
19,5,107,94,118,107.366667,0.988767,3.923145,0.014799,3.669267,0.017121,2.759319,0.019158,12.186473,0.016357,0.072241,352775.000000,29.942442,33.182391,0.064796
19,5,107,94,119,112.366667,0.999883,4.235395,0.015336,4.020349,0.018022,3.063988,0.020420,13.304333,0.017310,0.075163,372331.000000,30.767097,33.235221,0.038683
19,5,107,94,120,117.366667,1.008626,4.572689,0.014753,4.393814,0.017000,3.384977,0.018966,14.489448,0.016358,0.070022,436355.000000,31.513075,33.188925,0.050819
19,5,108,95,113,82.366667,0.975422,2.436523,0.018107,2.172455,0.021703,1.577762,0.024786,7.466426,0.020164,0.095422,214540.000000,30.097780,33.167499,-0.113753
19,5,108,95,114,87.366667,0.984622,2.657110,0.019010,2.408197,0.022372,1.773293,0.025192,8.219191,0.020889,0.096818,232624.000000,30.820984,33.169405,-0.102160
19,5,108,95,115,92.366667,0.993708,2.941642,0.019402,2.711224,0.022462,2.024490,0.024999,9.183296,0.021078,0.095613,237907.000000,31.532633,33.126175,0.054606
19,5,108,95,116,97.366667,1.001411,3.227841,0.018451,3.017187,0.021567,2.279390,0.024244,10.154868,0.020384,0.090813,314210.000000,32.270822,33.069734,0.070118
19,5,108,95,117,102.366667,1.012674,3.537199,0.018864,3.361955,0.021902,2.577097,0.024506,11.253283,0.020795,0.090806,341787.000000,33.202257,33.218672,-0.081834
19,5,108,95,118,107.366667,1.021099,3.895110,0.017630,3.753539,0.019832,2.910942,0.021643,12.495030,0.018859,0.080949,391809.000000,34.015044,33.036087,0.006164
19,5,108,95,119,112.366667,1.025610,4.223918,0.016794,4.106360,0.019045,3.207123,0.020969,13.609675,0.018194,0.077208,417746.000000,39.320287,33.077000,-0.147142
19,5,108,95,120,117.366667,1.034968,4.604464,0.016529,4.535601,0.018928,3.583437,0.021003,14.971176,0.018188,0.075989,478122.000000,39.123066,33.078605,-0.123615
19,5,110,107,121,122.366667,1.021317,2.565007,0.023526,2.395837,0.025958,1.822455,0.027605,8.229985,0.023778,0.107379,241938.000000,31.313458,33.153784,0.024818
19,5,110,107,122,127.366667,1.022470,2.866728,0.021368,2.706788,0.023411,2.073996,0.024805,9.208456,0.021663,0.096184,254658.000000,32.063117,33.170188,0.029938
19,5,110,107,123,132.366667,1.024265,3.177566,0.020758,3.029526,0.022165,2.336913,0.022980,10.224842,0.020619,0.090217,293383.000000,33.168345,33.242365,-0.009766
19,5,110,107,124,137.366667,1.021523,3.526335,0.020199,3.378292,0.022249,2.611007,0.023812,11.316741,0.020944,0.090775,359639.000000,34.283189,33.201483,-0.074597
19,5,110,107,125,142.366667,1.030655,3.889868,0.019471,3.781151,0.019837,2.958652,0.019726,12.594995,0.018642,0.079359,372098.000000,35.043660,33.208221,0.036448
19,5,110,107,126,147.366667,1.015376,4.283739,0.018389,4.128355,0.016820,3.194639,0.014774,13.664693,0.015656,0.066968,399842.000000,36.296506,33.227363,0.017961
19,5,114,106,123,132.366667,0.869234,3.092241,0.021236,2.525735,0.032317,1.663062,0.043623,8.444228,0.031515,0.160016,251469.000000,27.563035,33.259360,0.075246
19,5,114,106,124,137.366667,0.909617,3.420580,0.018269,2.933856,0.027597,2.025799,0.036729,9.774810,0.027027,0.130410,299418.000000,28.093339,33.197088,0.034078
19,5,114,106,125,142.366667,0.949334,3.717142,0.016648,3.335403,0.025726,2.407110,0.034668,11.086081,0.025255,0.116313,367763.000000,28.548495,33.338576,0.107577
19,5,114,106,126,147.366667,0.990890,4.039416,0.015018,3.791907,0.023331,2.860300,0.031480,12.574591,0.022943,0.100863,393574.000000,29.229505,33.341389,0.048311
19,5,114,106,127,152.366667,1.028523,4.323796,0.013154,4.220106,0.020293,3.307543,0.027044,13.971055,0.019991,0.084441,457232.000000,29.734796,33.219363,-0.001373
19,5,115,106,123,132.366667,1.075607,2.597420,0.016047,2.545523,0.015886,2.034364,0.015100,8.776989,0.014166,0.061116,266037.000000,30.210867,33.323744,0.003352
19,5,115,106,124,137.366667,1.066242,2.805819,0.014752,2.747708,0.015141,2.187961,0.015015,9.398649,0.013730,0.058981,293468.000000,31.009243,33.160137,-0.028020
19,5,115,106,125,142.366667,1.064173,3.011330,0.014663,2.961547,0.015212,2.362878,0.015291,10.067470,0.013955,0.059457,316853.000000,31.660763,33.264546,0.113421
19,5,115,106,126,147.366667,1.058973,3.247371,0.015187,3.198219,0.015411,2.549266,0.015173,10.803555,0.014194,0.060152,341575.000000,32.594416,33.291898,0.084650
19,5,115,106,127,152.366667,1.053698,3.504500,0.014613,3.454418,0.014989,2.749687,0.014958,11.600915,0.013931,0.058773,362061.000000,33.384253,33.354277,0.016017
19,5,115,106,128,157.366667,1.051554,3.759476,0.013564,3.715994,0.014078,2.960568,0.014246,12.419638,0.013184,0.055309,428107.000000,33.960437,33.275157,0.078470
19,5,118,102,127,152.366667,1.249248,1.426600,0.007223,1.447265,0.015212,1.238190,0.023543,5.598873,0.015364,0.069474,145277.000000,20.268037,33.443419,0.084463
19,5,118,102,128,157.366667,1.298326,1.478122,0.005067,1.557340,0.010668,1.383941,0.016218,6.028980,0.010860,0.047309,152742.000000,20.310425,33.456024,0.049834
19,5,118,102,129,162.366667,1.325727,1.501502,0.007425,1.613408,0.012641,1.462640,0.017753,6.253599,0.011907,0.050910,200843.000000,20.317224,33.503800,0.066824
19,5,118,102,130,167.366667,1.356372,1.589615,0.010035,1.761296,0.015517,1.643597,0.020688,6.773615,0.014219,0.058600,199370.000000,20.339598,33.464414,-0.011238
19,5,118,102,131,172.366667,1.382984,1.661018,0.006980,1.886704,0.011101,1.802660,0.015016,7.216745,0.010325,0.041336,199450.000000,20.334389,33.462874,-0.020824
19,5,118,102,132,177.366667,1.403231,1.705560,0.004823,1.970731,0.008687,1.914275,0.012510,7.518757,0.008427,0.033098,304831.000000,20.614974,33.508068,-0.027254
19,5,118,102,133,182.366667,1.433415,1.743277,0.005395,2.057901,0.009645,2.042143,0.013819,7.850333,0.009323,0.035839,309313.000000,20.562614,33.502106,-0.038977
19,5,118,102,134,187.366667,1.459349,1.799612,0.001683,2.169225,0.004830,2.196478,0.008054,8.250648,0.005266,0.019781,323248.000000,20.523660,33.548964,-0.045063
19,5,118,102,135,192.366667,1.486911,1.773571,-0.001803,2.162678,0.000324,2.219056,0.002701,8.284827,0.001411,0.005269,322840.000000,20.506586,33.553401,-0.019860
19,5,118,102,136,197.366667,1.506804,1.767637,-0.000096,2.176238,0.000623,2.256423,0.001385,8.367577,0.000851,0.003157,330987.000000,20.520656,33.562766,0.048144
19,5,118,102,137,202.366667,1.501124,1.771883,0.001165,2.176238,0.001571,2.250310,0.001931,8.356060,0.001352,0.005019,332336.000000,20.505898,33.567170,-0.001773
19,5,118,102,138,207.366667,1.509509,1.788285,0.002034,2.210437,0.002679,2.299870,0.003229,8.480515,0.002288,0.008438,335472.000000,20.500627,33.573292,0.018098
19,5,118,102,139,212.366667,1.505086,1.808264,0.001938,2.235458,0.001919,2.324580,0.001772,8.550134,0.001374,0.005054,328456.000000,20.527612,33.613323,0.014354
19,5,118,102,140,217.366667,1.501009,1.823327,0.001584,2.253326,0.000997,2.341064,0.000273,8.598007,0.000409,0.001501,330887.000000,20.572827,33.587560,0.008855
19,5,118,102,141,222.366667,1.487506,1.837151,0.001564,2.257930,0.001036,2.330980,0.000369,8.585262,0.000474,0.001747,333700.000000,20.577175,33.610500,-0.005176
19,5,118,102,142,227.366667,1.484716,1.852067,0.001876,2.276729,0.001998,2.349677,0.002007,8.638730,0.001538,0.005655,344410.000000,20.586334,33.567300,-0.043851
19,5,118,102,143,232.366667,1.482497,1.871888,0.000957,2.303417,-0.002595,2.378149,-0.006288,8.718133,-0.003707,-0.013591,348662.000000,20.599599,33.604542,-0.015448
19,5,118,102,144,237.366667,1.415469,1.869989,0.001528,2.216945,-0.006360,2.200134,-0.014803,8.315516,-0.008569,-0.032387,350466.000000,20.593100,33.610500,-0.033624
19,5,118,102,145,242.366667,1.340868,1.900454,0.004886,2.162419,-0.002522,2.052467,-0.010739,8.005586,-0.005191,-0.020246,362607.000000,20.618265,33.646234,-0.000002
19,5,118,102,146,247.366667,1.281119,1.962844,0.007754,2.162419,0.001286,1.979726,-0.005988,7.899968,-0.001462,-0.005833,222890.000000,28.263287,33.397743,0.030740
19,5,118,102,147,252.366667,1.223538,2.052656,0.009774,2.190234,0.001922,1.933928,-0.006730,7.890117,-0.001044,-0.004259,237832.000000,29.430336,33.409480,-0.020590
19,5,118,102,148,257.366667,1.150197,2.163471,0.012577,2.204510,0.006824,1.849575,-0.000055,7.817597,0.004017,0.016980,253424.000000,29.471948,33.409016,-0.019588
19,5,118,102,149,262.366667,1.123333,2.324752,0.013587,2.340669,0.011356,1.932903,0.008417,8.204177,0.009275,0.039368,268876.000000,29.208363,33.410310,-0.012212
19,5,118,102,150,267.366667,1.101358,2.479334,0.011834,2.470325,0.009449,2.012264,0.006487,8.578541,0.007773,0.033136,278617.000000,29.030195,33.419025,-0.032788
19,5,118,102,151,272.366667,1.078515,2.618150,0.010771,2.574091,0.008395,2.063433,0.005506,8.870961,0.006977,0.029997,268102.000000,28.945233,33.475220,0.180606
19,5,118,102,152,277.366667,1.060237,2.761326,0.010597,2.686425,0.009443,2.125869,0.007849,9.197512,0.008270,0.035782,284785.000000,28.706352,33.456078,0.149426
19,5,118,102,153,282.366667,1.053281,2.910755,0.010708,2.827764,0.011575,2.230288,0.012109,9.631631,0.010658,0.046027,293623.000000,28.312095,33.517027,0.132073
19,5,118,102,154,287.366667,1.059032,3.073007,0.011188,3.013725,0.012426,2.395941,0.013336,10.224036,0.011568,0.049365,318933.000000,27.816690,33.496823,0.109875
19,5,118,102,155,292.366667,1.057697,3.254550,0.012254,3.202248,0.013508,2.549809,0.014428,10.814394,0.012611,0.053485,352587.000000,27.215664,33.493997,0.098106
19,5,118,102,156,297.366667,1.062417,3.471809,0.012770,3.446281,0.013893,2.763821,0.014673,11.587791,0.013018,0.054579,384357.000000,26.792093,33.501721,0.091354
19,5,118,102,157,302.366667,1.060729,3.697914,0.012229,3.681026,0.012754,2.955349,0.012961,12.322847,0.011930,0.049744,414194.000000,26.282769,33.513772,0.089015
19,5,145,139,146,247.366667,1.114953,1.876290,0.015461,1.825199,0.019069,1.469046,0.022072,6.572135,0.017004,0.076070,206719.000000,30.004310,33.473411,0.171626
19,5,145,139,147,252.366667,1.122938,2.021332,0.015021,1.999220,0.017293,1.631173,0.018913,7.130883,0.015321,0.066979,227019.000000,31.349757,33.407122,0.103141
19,5,145,139,148,257.366667,1.119191,2.179915,0.015277,2.170934,0.016448,1.777546,0.016957,7.664674,0.014459,0.062345,235004.000000,31.536027,33.409455,0.129013
19,5,145,139,149,262.366667,1.113930,2.354354,0.014529,2.356300,0.014109,1.932583,0.013053,8.239098,0.012231,0.052142,260511.000000,31.457100,33.421605,0.088574
19,5,145,139,150,267.366667,1.094573,2.521988,0.013279,2.503387,0.012185,2.029810,0.010501,8.672364,0.010527,0.044975,282093.000000,31.469291,33.419209,0.065514
19,5,145,139,151,272.366667,1.083270,2.689241,0.012410,2.661345,0.012558,2.145729,0.012239,9.152010,0.011264,0.048042,299757.000000,31.394906,33.406515,0.103610
19,5,145,139,152,277.366667,1.081556,2.855727,0.011345,2.837595,0.011038,2.292423,0.010325,9.703214,0.009919,0.041986,311216.000000,31.331040,33.397536,0.097039
19,5,145,139,153,282.366667,1.068476,3.013216,0.010020,2.974549,0.009896,2.382429,0.009425,10.114506,0.008972,0.038089,316075.000000,31.115871,33.471955,0.071506
19,5,145,139,154,287.366667,1.069613,3.157663,0.009958,3.131958,0.011099,2.516957,0.011959,10.610659,0.010348,0.043622,339155.000000,30.877794,33.445634,0.074136
19,5,145,139,155,292.366667,1.072538,3.327654,0.010452,3.322170,0.011415,2.683442,0.012087,11.212453,0.010656,0.044524,320061.000000,30.595940,33.493927,0.066221
19,5,145,139,156,297.366667,1.071977,3.505471,0.010888,3.511179,0.012520,2.841291,0.013894,11.805430,0.011813,0.049081,348837.000000,30.394950,33.485786,0.045687
19,5,145,139,157,302.366667,1.081843,3.709344,0.010992,3.761762,0.013323,3.078212,0.015393,12.606986,0.012716,0.052079,372854.000000,30.053401,33.501530,0.018023
19,5,146,139,146,247.366667,1.029558,1.654428,0.006763,1.475855,0.014903,1.091628,0.023429,5.351171,0.015114,0.074087,162840.000000,31.684975,33.434855,-0.284829
19,5,146,139,147,252.366667,1.071141,1.710371,0.008752,1.585826,0.013967,1.219508,0.018864,5.755548,0.013321,0.062871,169813.000000,33.147360,33.438852,-0.082102
19,5,146,139,148,257.366667,1.079405,1.804126,0.010444,1.697347,0.013414,1.321672,0.015988,6.117885,0.012120,0.056103,183717.000000,33.442931,33.451524,-0.049723
19,5,146,139,149,262.366667,1.089154,1.898789,0.012423,1.813501,0.013454,1.430821,0.013892,6.497044,0.011648,0.052891,204641.000000,33.532253,33.430080,-0.052430
19,5,146,139,150,267.366667,1.072680,2.040006,0.013906,1.941343,0.013994,1.520446,0.013412,6.874661,0.011956,0.054058,214147.000000,33.706977,33.462270,-0.069633
19,5,146,139,151,272.366667,1.067457,2.182474,0.013151,2.085167,0.013012,1.634736,0.012283,7.318964,0.011263,0.050427,226961.000000,33.734885,33.448976,0.001208
19,5,146,139,152,277.366667,1.053134,2.327028,0.012564,2.212660,0.013195,1.721237,0.013321,7.699017,0.011727,0.052456,246873.000000,33.801900,33.457600,0.041028
19,5,146,139,153,282.366667,1.057478,2.474851,0.011905,2.377119,0.013846,1.864022,0.015389,8.221862,0.012727,0.056135,265912.000000,33.760782,33.497288,0.046345
19,5,146,139,154,287.366667,1.061824,2.621663,0.011013,2.541788,0.013154,2.008098,0.014965,8.745395,0.012217,0.053207,285252.000000,33.746518,33.469195,0.012148
19,5,146,139,155,292.366667,1.070064,2.763572,0.009780,2.711471,0.012786,2.164533,0.015566,9.290311,0.012107,0.051963,306907.000000,33.645323,33.474781,-0.004603
19,5,146,139,156,297.366667,1.086390,2.891930,0.008877,2.888483,0.012256,2.345027,0.015394,9.870146,0.011749,0.049452,327191.000000,33.615983,33.470904,-0.004489
19,5,150,146,157,302.366667,1.084577,1.653544,0.010558,1.540958,0.015537,1.193657,0.020284,5.634120,0.014382,0.067883,180316.000000,32.815028,33.439302,-0.054199
19,5,150,146,158,307.366667,1.104275,1.740831,0.011733,1.660667,0.015851,1.314719,0.019524,6.039264,0.014432,0.066293,205404.000000,32.873626,33.425744,0.007236
19,5,150,146,159,312.366667,1.114670,1.857791,0.013640,1.804183,0.016294,1.450339,0.018345,6.505682,0.014410,0.064638,215639.000000,32.806146,33.441558,0.054256
19,5,150,146,160,317.366667,1.113596,1.994225,0.012951,1.954634,0.013441,1.580778,0.013308,6.976727,0.011502,0.050765,236081.000000,33.221172,33.452355,0.028974
19,5,150,146,161,322.366667,1.099332,2.116069,0.012688,2.066910,0.011557,1.660706,0.009781,7.308170,0.009590,0.042203,264313.000000,33.244592,33.509945,-0.102725
19,5,150,146,162,327.366667,1.080059,2.262703,0.012796,2.193514,0.010633,1.743218,0.007831,7.677592,0.008715,0.038384,275303.000000,33.318142,33.466988,-0.239450
19,5,150,146,163,332.366667,1.055552,2.405612,0.011878,2.300141,0.008869,1.797211,0.005264,7.977285,0.007144,0.031709,277377.000000,33.591543,33.432847,-0.249945
19,5,150,146,164,337.366667,1.030144,2.548431,0.011417,2.397516,0.008625,1.837824,0.005282,8.247467,0.007125,0.031975,291578.000000,33.870137,33.449434,-0.202217
19,5,150,146,165,342.366667,1.011029,2.696558,0.012965,2.506937,0.012030,1.894288,0.010583,8.564920,0.010681,0.048292,297171.000000,34.177563,33.468734,-0.169908
19,5,150,146,166,347.366667,1.006353,2.898026,0.014305,2.699101,0.015290,2.038297,0.015841,9.162262,0.014115,0.063447,320592.000000,34.196669,33.452493,-0.150829
19,5,150,146,167,352.366667,1.008626,3.111110,0.014902,2.919627,0.017518,2.217165,0.019778,9.858152,0.016512,0.073417,349245.000000,34.924617,33.487155,-0.128529
19,5,150,146,168,357.366667,1.021693,3.361651,0.015368,3.210563,0.020151,2.476819,0.024688,10.790042,0.019345,0.084273,395164.000000,35.683101,33.417691,-0.134944
19,5,150,146,169,362.366667,1.048133,3.627742,0.014670,3.566598,0.019965,2.828654,0.024876,11.945452,0.019345,0.081693,442007.000000,36.400482,33.421116,-0.119557
19,5,152,118,158,307.366667,1.127161,2.103774,0.011078,2.098642,0.010772,1.724324,0.009915,7.449631,0.009106,0.039341,251115.000000,25.205735,33.448453,0.089713
19,5,152,118,159,312.366667,1.116633,2.220297,0.011772,2.211676,0.011176,1.809809,0.010014,7.788814,0.009485,0.040819,259149.000000,24.525676,33.412424,0.096520
19,5,152,118,160,317.366667,1.102017,2.365158,0.012534,2.345823,0.010836,1.905560,0.008546,8.188385,0.009073,0.038989,283008.000000,24.433264,33.459773,0.092317
19,5,152,118,161,322.366667,1.079071,2.516744,0.013694,2.465864,0.010903,1.972653,0.007470,8.531764,0.009059,0.039181,306222.000000,24.257428,33.388929,0.094516
19,5,152,118,162,327.366667,1.052650,2.709798,0.014319,2.614674,0.010620,2.052910,0.006295,8.961295,0.008826,0.038527,316329.000000,24.146995,33.416038,0.073799
19,5,152,118,163,332.366667,1.021604,2.904754,0.013956,2.743533,0.009086,2.101889,0.003629,9.322698,0.007423,0.032922,344432.000000,24.167105,33.471790,0.164927
19,5,152,118,164,337.366667,0.986374,3.115185,0.013510,2.863943,0.008409,2.129194,0.002565,9.653285,0.006849,0.031053,376279.000000,23.911385,33.506340,0.156844
19,5,153,118,158,307.366667,1.061356,1.813557,0.019851,1.683085,0.025434,1.291507,0.030344,6.047028,0.022953,0.107471,183949.000000,27.107647,33.585652,0.078419
19,5,153,118,159,312.366667,1.076330,1.993566,0.019141,1.897122,0.021587,1.487451,0.023184,6.741026,0.019142,0.086749,220063.000000,26.545347,33.572038,0.065305
19,5,153,118,160,317.366667,1.063967,2.195143,0.019237,2.092625,0.019702,1.636362,0.019328,7.337379,0.017230,0.077261,238174.000000,26.625623,33.603122,0.074792
19,5,153,118,161,322.366667,1.054775,2.415835,0.017782,2.309407,0.017750,1.803725,0.016999,8.005288,0.015702,0.069688,260273.000000,26.608445,33.545529,0.057016
19,5,153,118,162,327.366667,1.042264,2.624736,0.016332,2.502542,0.015699,1.942980,0.014437,8.594352,0.013957,0.061736,277819.000000,26.724955,33.561515,0.061889
19,5,153,118,163,332.366667,1.030045,2.844517,0.015529,2.702288,0.015406,2.084226,0.014743,9.204801,0.013954,0.061628,349979.000000,26.708483,33.446209,0.166965
19,5,153,118,164,337.366667,1.025456,3.066464,0.013576,2.918856,0.015066,2.250265,0.016185,9.878809,0.014040,0.061636,390582.000000,26.612724,33.484287,0.157172
19,5,153,118,165,342.366667,1.033934,3.260815,0.012122,3.142053,0.014596,2.448433,0.016783,10.591776,0.013836,0.059852,437179.000000,26.615851,33.469007,0.142621
19,5,153,118,166,347.366667,1.043110,3.461748,0.012201,3.377480,0.014121,2.661184,0.015740,11.344240,0.013362,0.056959,479127.000000,26.213352,33.478652,0.131062
19,5,153,118,167,352.366667,1.046361,3.683194,0.012369,3.618991,0.013839,2.867293,0.015014,12.107550,0.013081,0.055236,520988.000000,26.477706,33.540709,0.104820
19,5,153,118,168,357.366667,1.050488,3.917335,0.012652,3.878295,0.013584,3.091691,0.014215,12.928009,0.012827,0.053635,550732.000000,26.867247,33.468337,0.105417
19,5,153,118,169,362.366667,1.048574,4.178803,0.012514,4.145827,0.012906,3.306777,0.013009,13.765779,0.012172,0.050670,593957.000000,27.123845,33.496452,0.101938
19,5,154,145,158,307.366667,1.130384,2.146344,0.004826,2.151983,0.005992,1.775844,0.006985,7.622114,0.005453,0.023406,236356.000000,29.121761,33.449039,0.037648
19,5,154,145,159,312.366667,1.133848,2.198131,0.006089,2.216452,0.006817,1.837867,0.007289,7.829936,0.006060,0.025818,243424.000000,28.739700,33.419650,0.071591
19,5,154,145,160,317.366667,1.130266,2.280197,0.007646,2.303075,0.007032,1.909813,0.006053,8.096605,0.005930,0.025140,250673.000000,29.024545,33.482889,0.062641
19,5,154,145,161,322.366667,1.114940,2.372485,0.008370,2.378408,0.006810,1.953461,0.004820,8.310071,0.005558,0.023644,276249.000000,28.984652,33.393577,0.090253
19,5,154,145,162,327.366667,1.099031,2.478774,0.008523,2.465038,0.007590,2.003973,0.006258,8.558480,0.006469,0.027628,289562.000000,29.075994,33.433154,0.145701
19,5,154,145,163,332.366667,1.091983,2.583749,0.007617,2.565513,0.006768,2.078867,0.005592,8.863722,0.005834,0.024874,309511.000000,29.163225,33.396619,0.120903
19,5,154,145,164,337.366667,1.079705,2.675588,0.005515,2.638670,0.004790,2.120214,0.003822,9.075573,0.004128,0.017671,320285.000000,29.210505,33.443091,0.110452
19,5,154,145,165,342.366667,1.076656,2.731297,0.003757,2.691902,0.004949,2.159900,0.006059,9.238376,0.004684,0.020033,336410.000000,29.346891,33.426080,0.106939
19,5,154,145,166,347.366667,1.089396,2.778211,0.003416,2.771886,0.005269,2.251089,0.007054,9.508256,0.005112,0.021592,338836.000000,29.098052,33.441704,0.089066
19,5,154,145,167,352.366667,1.095241,2.826212,0.003148,2.837957,0.004833,2.318698,0.006472,9.724434,0.004687,0.019657,341945.000000,29.537823,33.487486,0.084899
19,5,154,145,168,357.366667,1.106192,2.867178,0.003352,2.909050,0.004939,2.401160,0.006455,9.964031,0.004764,0.019770,357812.000000,30.047467,33.413707,0.077738
19,5,154,145,169,362.366667,1.110928,2.922324,0.004226,2.981639,0.006191,2.473688,0.008091,10.199155,0.005968,0.024606,382588.000000,30.468778,33.408138,0.073323
19,5,154,145,170,367.366667,1.125301,2.990664,0.004715,3.093645,0.007307,2.601311,0.009822,10.572703,0.007103,0.028869,412541.000000,30.834748,33.421156,0.071802
19,5,154,145,171,372.366667,1.137823,3.063336,0.004520,3.207702,0.006856,2.729178,0.009114,10.950130,0.006649,0.026678,435422.000000,31.326115,33.488723,0.070981
19,5,154,145,172,377.366667,1.149572,3.129121,0.003806,3.313551,0.005882,2.850046,0.007897,11.300781,0.005721,0.022686,466062.000000,32.158133,33.420567,0.050043
19,5,154,145,173,382.366667,1.159914,3.182427,0.002957,3.402616,0.005231,2.954241,0.007491,11.596692,0.005168,0.020288,493276.000000,32.638421,33.426546,0.059567
19,5,154,145,174,387.366667,1.175201,3.223216,0.002498,3.491541,0.004276,3.071342,0.006015,11.900123,0.004210,0.016311,506711.000000,33.396405,33.405441,0.063410
19,5,154,145,175,392.366667,1.180159,3.262955,0.001301,3.551913,0.002725,3.138972,0.004160,12.097661,0.002737,0.010550,524633.000000,34.655412,33.411372,0.060501
19,5,154,145,176,397.366667,1.192206,3.265660,0.000166,3.588313,0.002029,3.201920,0.003932,12.231284,0.002185,0.008346,525363.000000,36.327612,33.392343,0.008062
19,5,155,145,158,307.366667,1.105111,1.854769,0.010572,1.787639,0.014139,1.425730,0.017372,6.439405,0.012900,0.058264,177973.000000,30.976257,33.520429,-0.146041
19,5,155,145,159,312.366667,1.117328,1.952814,0.009608,1.914020,0.012789,1.549567,0.015638,6.854747,0.011745,0.051954,207091.000000,30.746062,33.460510,-0.054912
19,5,155,145,160,317.366667,1.129065,2.042387,0.008971,2.032416,0.011610,1.668057,0.013925,7.244473,0.010629,0.046162,220135.000000,31.068388,33.511637,-0.046580
19,5,155,145,161,322.366667,1.136234,2.136036,0.007933,2.149980,0.009477,1.781842,0.010704,7.624761,0.008539,0.036539,237664.000000,31.163104,33.402686,-0.132068
19,5,155,145,162,327.366667,1.136263,2.211838,0.007415,2.236159,0.008583,1.858789,0.009458,7.895546,0.007696,0.032691,266794.000000,31.225567,33.379406,-0.034230
19,5,155,145,163,332.366667,1.139306,2.300051,0.006794,2.341904,0.008029,1.957652,0.009010,8.232420,0.007280,0.030613,282216.000000,31.405890,33.370425,-0.037715
19,5,155,145,164,337.366667,1.141834,2.368112,0.006249,2.424195,0.006951,2.035180,0.007406,8.494833,0.006231,0.026010,296448.000000,31.537114,33.393593,-0.037526
19,5,155,145,165,342.366667,1.139266,2.448031,0.007338,2.510421,0.008567,2.108379,0.009538,8.761773,0.007796,0.032398,318083.000000,31.788944,33.387052,-0.047695
19,5,155,145,166,347.366667,1.146664,2.547754,0.007884,2.639252,0.009738,2.236285,0.011339,9.177908,0.009018,0.037009,327853.000000,31.600592,33.417312,-0.054520
19,5,155,145,167,352.366667,1.152333,2.648888,0.008206,2.767436,0.009808,2.361952,0.011140,9.589397,0.009050,0.036743,351560.000000,32.151366,33.477688,-0.048011
19,5,155,145,168,357.366667,1.156425,2.765126,0.008848,2.910671,0.011420,2.499415,0.013772,10.045751,0.010725,0.043104,388700.000000,32.710473,33.394656,-0.040199
19,5,155,145,169,362.366667,1.173422,2.893533,0.009658,3.099845,0.012092,2.706160,0.014231,10.666757,0.011339,0.044695,418332.000000,33.280125,33.386035,-0.033086
19,5,155,145,170,367.366667,1.176737,3.044577,0.009516,3.285505,0.011015,2.884540,0.012224,11.255279,0.010217,0.039864,450237.000000,33.740622,33.397100,-0.031269
19,5,155,145,171,372.366667,1.181612,3.183245,0.009028,3.461732,0.010414,3.058767,0.011532,11.816662,0.009691,0.037439,484395.000000,34.373868,33.447191,-0.032854
19,5,155,145,172,377.366667,1.184648,3.331945,0.008926,3.646012,0.010109,3.237290,0.011029,12.400437,0.009415,0.036066,500431.000000,35.437864,33.388012,-0.039436
19,5,156,152,165,342.366667,1.041501,1.739791,0.014862,1.579211,0.016143,1.186434,0.016693,5.692550,0.013821,0.066312,207491.000000,22.982082,33.412791,0.163769
19,5,156,152,166,347.366667,1.036456,1.869072,0.013599,1.706676,0.012927,1.285460,0.011568,6.085925,0.010742,0.050857,233193.000000,22.288746,33.427683,0.107986
19,5,156,152,167,352.366667,1.013104,1.993961,0.013100,1.799827,0.011979,1.335139,0.010172,6.346299,0.009967,0.047375,238760.000000,22.229388,33.476628,0.059326
19,5,156,152,168,357.366667,1.003884,2.130272,0.011843,1.922274,0.009482,1.421272,0.006574,6.718441,0.007720,0.036495,241784.000000,22.251103,33.398378,0.048113
19,5,156,152,169,362.366667,0.972821,2.246246,0.010953,1.982100,0.006495,1.428574,0.001418,6.864993,0.004736,0.022760,246349.000000,22.184915,33.504420,-0.000810
19,5,156,152,170,367.366667,0.943501,2.376303,0.011311,2.051007,0.007647,1.441523,0.003394,7.043589,0.006094,0.029778,265002.000000,22.003347,33.602032,-0.208404
19,5,156,152,171,372.366667,0.923187,2.515019,0.012091,2.138933,0.010095,1.477504,0.007588,7.294253,0.008766,0.043276,251325.000000,21.888660,33.748685,-0.101021
19,5,156,152,172,377.366667,0.912393,2.680395,0.012947,2.266925,0.011568,1.553631,0.009735,7.682992,0.010347,0.051168,264583.000000,21.901991,33.709938,-0.075234
19,5,156,152,173,382.366667,0.899660,2.862056,0.013669,2.401181,0.014470,1.628750,0.014890,8.089214,0.013440,0.066748,283073.000000,21.925296,33.714610,-0.046384
19,5,156,152,174,387.366667,0.908849,3.071607,0.014464,2.614365,0.018039,1.796151,0.021333,8.770157,0.017240,0.084177,317447.000000,21.878603,33.679159,-0.032943
19,5,156,152,175,392.366667,0.924334,3.306320,0.014165,2.872790,0.017653,2.011915,0.020843,9.601160,0.016929,0.080787,351257.000000,22.157187,33.667237,-0.039108
19,5,156,152,176,397.366667,0.934756,3.539960,0.013417,3.121486,0.016339,2.215492,0.019000,10.395523,0.015668,0.073518,389998.000000,22.510270,33.650512,-0.061977
19,5,156,152,177,402.366667,0.945343,3.781275,0.013139,3.382819,0.013950,2.432863,0.014460,11.229947,0.013225,0.061046,435407.000000,22.747324,33.603526,-0.056013
19,5,156,152,178,407.366667,0.936825,4.036763,0.012658,3.593396,0.011720,2.567280,0.010472,11.880686,0.010955,0.050695,455647.000000,22.914851,33.590665,-0.055700
19,5,157,152,165,342.366667,1.002690,1.679625,0.011692,1.468385,0.014127,1.062363,0.016077,5.290891,0.012517,0.062338,192294.000000,24.541000,33.582594,0.261740
19,5,157,152,166,347.366667,1.006598,1.777814,0.013544,1.572102,0.015063,1.147763,0.015961,5.622021,0.013158,0.064450,197742.000000,23.971933,33.581256,0.187050
19,5,157,152,167,352.366667,0.999578,1.920417,0.014479,1.705186,0.015116,1.245552,0.015096,6.030624,0.013124,0.063541,212901.000000,24.062665,33.655503,0.148045
19,5,157,152,168,357.366667,0.992997,2.055862,0.014479,1.829859,0.015633,1.335797,0.016195,6.413453,0.013878,0.066631,233660.000000,24.217686,33.570648,0.151576
19,5,157,152,169,362.366667,0.993167,2.218079,0.014960,1.991243,0.016106,1.461879,0.016676,6.920683,0.014471,0.068510,249036.000000,24.302138,33.575338,0.115566
19,5,157,152,170,367.366667,0.988516,2.387681,0.013681,2.150560,0.013961,1.579574,0.013724,7.414979,0.012516,0.058753,259978.000000,24.242817,33.520526,0.165948
19,5,157,152,171,372.366667,0.981759,2.544747,0.012643,2.291484,0.013422,1.678658,0.013772,7.848730,0.012233,0.057196,304573.000000,24.225044,33.572171,0.174897
19,5,157,152,172,377.366667,0.983935,2.709405,0.012433,2.458116,0.014553,1.810755,0.016331,8.375102,0.013594,0.062874,323173.000000,24.404167,33.513186,0.142006
19,5,157,152,173,382.366667,0.992749,2.881617,0.012019,2.649223,0.014440,1.974370,0.016548,8.987229,0.013609,0.061949,342958.000000,24.562059,33.522519,0.146433
19,5,157,152,174,387.366667,0.999824,3.055738,0.012320,2.840675,0.014714,2.137467,0.016805,9.598199,0.013901,0.062421,375651.000000,24.743303,33.514470,0.132391
19,5,157,152,175,392.366667,1.008390,3.258088,0.012468,3.067204,0.015870,2.333569,0.019036,10.321458,0.015169,0.067092,412697.000000,25.300593,33.508957,0.108880
19,5,157,152,176,397.366667,1.026461,3.461955,0.012752,3.327452,0.016281,2.581675,0.019536,11.163843,0.015611,0.067507,446348.000000,25.940889,33.518051,0.087530
19,5,157,152,177,402.366667,1.038014,3.699539,0.012844,3.608947,0.015600,2.837915,0.018058,12.064264,0.014927,0.063457,497052.000000,26.506703,33.465765,0.054509
19,5,158,153,170,367.366667,1.090557,2.353458,0.018311,2.311352,0.017132,1.858775,0.015139,8.063153,0.014793,0.064169,352242.000000,26.325610,33.429528,0.176953
19,5,158,153,171,372.366667,1.072982,2.568930,0.017440,2.509346,0.015631,1.999476,0.013092,8.659533,0.013544,0.058659,381259.000000,26.474755,33.495517,0.142735
19,5,158,153,172,377.366667,1.049417,2.801480,0.016742,2.703585,0.014841,2.120552,0.012269,9.236035,0.013041,0.056799,398617.000000,26.870323,33.433695,0.106140
19,5,158,153,173,382.366667,1.033528,3.037950,0.015525,2.910572,0.014856,2.259653,0.013657,9.863991,0.013458,0.058747,405644.000000,27.188756,33.486577,0.158814
19,5,158,153,174,387.366667,1.027300,3.273116,0.014589,3.135993,0.014395,2.429144,0.013762,10.563516,0.013246,0.057601,433168.000000,27.586412,33.472372,0.140212
19,5,158,153,175,392.366667,1.019830,3.515474,0.013272,3.361988,0.014321,2.593951,0.015040,11.263193,0.013437,0.058346,467596.000000,28.371349,33.467269,0.120055
19,5,158,153,176,397.366667,1.027954,3.739686,0.011991,3.617457,0.014124,2.819272,0.015984,12.076986,0.013477,0.057731,503610.000000,29.438463,33.497425,0.075979
19,5,166,158,177,402.366667,1.104301,2.104734,0.018685,2.062557,0.018630,1.663309,0.017681,7.301878,0.015979,0.070146,307536.000000,29.364073,33.407595,0.146997
19,5,166,158,178,407.366667,1.090635,2.301369,0.017053,2.254687,0.015458,1.810351,0.013087,7.885249,0.013112,0.057113,336836.000000,30.149827,33.357360,0.079136
19,5,166,158,179,412.366667,1.062541,2.497195,0.016464,2.411088,0.013846,1.900231,0.010462,8.335815,0.011706,0.051351,367984.000000,30.689887,33.367435,0.038165
19,5,166,158,180,417.366667,1.039838,2.712498,0.016207,2.588517,0.014325,2.009161,0.011781,8.861044,0.012533,0.055272,326978.000000,31.444635,33.406756,0.134012
19,5,166,158,181,422.366667,1.023854,2.936804,0.015305,2.781897,0.013440,2.136930,0.011022,9.446327,0.011934,0.052753,382663.000000,32.576705,33.423222,0.106975
19,5,166,158,182,427.366667,1.005510,3.161966,0.014963,2.962417,0.014191,2.244696,0.012925,9.988349,0.012928,0.057528,413309.000000,33.252789,33.453107,0.097875
19,5,166,158,183,432.366667,1.002337,3.409933,0.014544,3.202296,0.014982,2.427048,0.015027,10.737655,0.013957,0.061746,417600.000000,34.212728,33.432034,0.029468
19,5,170,157,178,407.366667,1.045958,2.147360,0.019019,2.011268,0.023887,1.545535,0.028181,7.056170,0.021954,0.100231,287965.000000,26.024494,33.440144,0.114781
19,5,170,157,179,412.366667,1.059974,2.351564,0.018478,2.251481,0.020938,1.763306,0.022703,7.830722,0.019057,0.084629,318469.000000,26.266966,33.474310,0.147744
19,5,170,157,180,417.366667,1.053907,2.581872,0.018138,2.482690,0.018409,1.945854,0.018003,8.548439,0.016521,0.072581,351617.000000,26.572665,33.416985,0.106545
19,5,170,157,181,422.366667,1.043367,2.819860,0.017385,2.708531,0.016456,2.113612,0.014903,9.243035,0.014740,0.064458,410393.000000,27.073204,33.450450,0.136572
19,5,170,157,182,427.366667,1.026894,3.072094,0.017680,2.928415,0.015956,2.260848,0.013626,9.910829,0.014336,0.062845,427021.000000,27.520681,33.507551,0.134131
19,5,170,157,183,432.366667,1.009342,3.362995,0.017127,3.175783,0.014972,2.421667,0.012277,10.663865,0.013548,0.059657,419688.000000,27.978544,33.506938,0.092245
19,5,170,157,184,437.366667,0.990814,3.648086,0.017346,3.403897,0.016383,2.558151,0.014926,11.355519,0.015159,0.067292,448017.000000,28.627174,33.494727,0.070926
19,5,170,157,185,442.366667,0.986631,3.995781,0.017403,3.733459,0.017655,2.803490,0.017502,12.385294,0.016629,0.073464,495019.000000,29.275570,33.438487,0.050823
19,5,171,157,178,407.366667,1.050926,1.995756,0.014722,1.860376,0.017646,1.427309,0.020017,6.589150,0.015900,0.073403,249627.000000,27.972525,33.468233,0.074371
19,5,171,157,179,412.366667,1.056691,2.142667,0.015320,2.024513,0.016593,1.570163,0.017224,7.112994,0.014741,0.066779,266767.000000,28.403422,33.556266,0.061775
19,5,171,157,180,417.366667,1.046102,2.324012,0.015801,2.196309,0.016536,1.697749,0.016639,7.637695,0.014714,0.066195,288728.000000,28.926815,33.466010,0.017318
19,5,171,157,181,422.366667,1.044612,2.509892,0.014860,2.387687,0.016181,1.852648,0.016977,8.236827,0.014707,0.065387,342209.000000,29.475113,33.403705,0.175365
19,5,171,157,182,427.366667,1.044409,2.696983,0.015197,2.582668,0.016296,2.012269,0.016882,8.849093,0.014895,0.065503,377752.000000,30.129058,33.421178,0.147342
19,5,171,157,183,432.366667,1.041670,2.919762,0.014318,2.808568,0.016214,2.192360,0.017705,9.554925,0.015076,0.065707,401330.000000,30.784251,33.384955,0.122841
19,5,171,157,184,437.366667,1.051443,3.115041,0.013323,3.038038,0.015990,2.400419,0.018316,10.289617,0.015087,0.064670,426896.000000,31.695076,33.381971,0.116929
19,5,171,157,185,442.366667,1.060204,3.334792,0.013813,3.294339,0.015666,2.632009,0.017152,11.107285,0.014728,0.062153,469939.000000,32.699530,33.339000,0.106576
19,5,171,157,186,447.366667,1.061624,3.575659,0.013473,3.554138,0.014620,2.851855,0.015418,11.925498,0.013722,0.057381,483535.000000,33.700732,33.378916,0.097576
19,5,172,156,179,412.366667,1.012151,2.236482,0.018697,2.043809,0.022467,1.528017,0.025640,7.111493,0.020629,0.096011,260734.000000,21.933444,33.662052,-0.119479
19,5,172,156,180,417.366667,1.021094,2.445561,0.017424,2.273397,0.020905,1.723909,0.023848,7.845023,0.019379,0.088187,297430.000000,21.937100,33.603667,-0.139361
19,5,172,156,181,422.366667,1.031912,2.662601,0.016582,2.519053,0.020309,1.939130,0.023579,8.631748,0.019021,0.084670,324482.000000,22.033065,33.538235,-0.164183
19,5,172,156,182,427.366667,1.045962,2.887072,0.015767,2.784985,0.018941,2.181145,0.021673,9.486878,0.017789,0.077373,374761.000000,22.088191,33.571778,-0.160828
19,5,172,156,183,432.366667,1.053551,3.117796,0.015148,3.046555,0.018080,2.411844,0.020632,10.319368,0.017038,0.072901,417796.000000,22.135292,33.529979,-0.146549
19,5,172,156,184,437.366667,1.065513,3.359356,0.014543,3.335796,0.017391,2.678761,0.019882,11.245135,0.016472,0.069147,465304.000000,22.289775,33.533197,-0.120181
19,5,172,156,185,442.366667,1.074319,3.606339,0.013697,3.626674,0.016041,2.944446,0.018046,12.171658,0.015224,0.062934,503732.000000,22.422770,33.484339,-0.105306
19,5,176,172,186,447.366667,1.110499,2.004906,0.007290,1.961797,0.007162,1.583342,0.006663,6.994586,0.006020,0.026596,260094.000000,21.560888,33.642323,-0.034753
19,5,176,172,187,452.366667,1.103696,2.077987,0.007232,2.032050,0.007679,1.636091,0.007797,7.205136,0.006670,0.029373,272150.000000,21.569815,33.534872,-0.050063
19,5,176,172,188,457.366667,1.104046,2.155178,0.007455,2.117834,0.008931,1.710915,0.010131,7.475157,0.008082,0.035313,282777.000000,21.491110,33.556862,-0.050286
19,5,176,172,189,462.366667,1.110389,2.238658,0.007560,2.221185,0.009263,1.809422,0.010696,7.809311,0.008472,0.036567,287176.000000,21.496034,33.574933,-0.025397
19,5,176,172,190,467.366667,1.114262,2.324430,0.007418,2.323579,0.009308,1.904446,0.010959,8.136799,0.008588,0.036692,314041.000000,21.463115,33.506365,-0.026659
19,5,176,172,191,472.366667,1.123231,2.411086,0.008669,2.437455,0.012170,2.018134,0.015485,8.508083,0.011510,0.048525,337381.000000,21.511605,33.537236,-0.141126
19,5,176,172,192,477.366667,1.145379,2.533438,0.010450,2.620211,0.013477,2.216964,0.016155,9.116102,0.012597,0.051799,354693.000000,21.565568,33.457938,-0.161977
19,5,176,172,193,482.366667,1.148705,2.675830,0.011548,2.790568,0.013080,2.376279,0.014210,9.656438,0.011950,0.048563,379456.000000,21.603345,33.435240,-0.159977
19,5,176,172,194,487.366667,1.150092,2.842443,0.013502,2.985213,0.014455,2.554625,0.014932,10.270083,0.013145,0.052847,434859.000000,21.676485,33.401096,-0.136872
19,5,176,172,195,492.366667,1.145071,3.059612,0.015922,3.222090,0.017324,2.757736,0.018220,11.006486,0.015923,0.063550,483516.000000,21.727489,33.436036,-0.119617
19,5,176,172,196,497.366667,1.149369,3.329582,0.016718,3.543418,0.017983,3.057097,0.018741,12.022617,0.016650,0.065480,518394.000000,21.831031,33.435007,-0.097509
19,5,176,172,197,502.366667,1.145017,3.616241,0.017472,3.859301,0.019145,3.330660,0.020354,13.008262,0.017888,0.069862,560058.000000,22.041537,33.441505,-0.067428
19,5,176,172,198,507.366667,1.153024,3.961397,0.017426,4.282282,0.019755,3.735017,0.021652,14.349499,0.018694,0.071820,619195.000000,22.288162,33.429844,-0.061816
19,5,178,170,186,447.366667,0.931930,2.338107,0.015384,1.992572,0.024248,1.382960,0.033187,6.845379,0.023485,0.116245,245568.000000,28.897814,33.463710,0.154190
19,5,178,170,187,452.366667,0.966980,2.517956,0.014907,2.234149,0.019747,1.612440,0.024103,7.649188,0.018785,0.089112,280606.000000,29.467159,33.369633,0.144799
19,5,178,170,188,457.366667,0.971574,2.713456,0.013695,2.433749,0.016607,1.771604,0.019176,8.282255,0.015619,0.073019,316036.000000,29.902190,33.406800,0.138138
19,5,178,170,189,462.366667,0.985126,2.889558,0.011997,2.638314,0.014426,1.952155,0.016527,8.942793,0.013615,0.062372,332671.000000,30.406799,33.414208,0.125628
19,5,178,170,190,467.366667,0.988164,3.060114,0.010415,2.814343,0.011935,2.094239,0.013186,9.499847,0.011219,0.050890,338737.000000,31.230872,33.330467,0.095751
19,5,178,170,191,472.366667,0.993004,3.208269,0.007883,2.974213,0.010272,2.228291,0.012520,10.008558,0.009849,0.044238,354589.000000,32.049549,33.400808,0.085236
19,5,178,170,192,477.366667,1.007440,3.313024,0.006119,3.119865,0.010221,2.373217,0.014307,10.485604,0.010068,0.044485,389060.000000,32.966858,33.326349,0.061105
19,5,178,170,193,482.366667,1.032509,3.410984,0.005559,3.293090,0.010161,2.567822,0.014725,11.064284,0.010091,0.043478,420803.000000,33.720143,33.296287,0.058879
19,5,178,170,194,487.366667,1.054359,3.502647,0.004880,3.454481,0.009079,2.751326,0.013261,11.602052,0.009029,0.038076,445187.000000,34.651268,33.268776,0.045172
19,5,178,170,195,492.366667,1.076334,3.581908,0.004538,3.606715,0.008762,2.932662,0.012983,12.111877,0.008738,0.036089,483510.000000,35.473595,33.276772,0.025840
19,5,178,170,196,497.366667,1.099512,3.665210,0.004546,3.770504,0.008688,3.132082,0.012734,12.660434,0.008666,0.035028,499648.000000,36.561128,33.248563,0.015101
19,5,180,173,187,452.366667,1.089242,1.843137,0.019940,1.753009,0.023934,1.379168,0.027108,6.307133,0.021187,0.096893,237842.000000,25.441110,33.467549,-0.059545
19,5,180,173,188,457.366667,1.095420,2.026897,0.019330,1.962794,0.021357,1.566099,0.022523,6.975293,0.018790,0.083691,256183.000000,25.556228,33.462762,-0.104456
19,5,180,173,189,462.366667,1.084963,2.234938,0.019343,2.172208,0.019881,1.731902,0.019580,7.617814,0.017408,0.076571,301861.000000,25.680211,33.468233,-0.204291
19,5,180,173,190,467.366667,1.074508,2.459200,0.018684,2.394656,0.019835,1.905202,0.020274,8.301434,0.017791,0.077518,320971.000000,25.960058,33.389884,-0.177662
19,5,180,173,191,472.366667,1.074414,2.694426,0.018314,2.647200,0.019131,2.118164,0.019296,9.094686,0.017343,0.074464,346631.000000,26.234521,33.465497,-0.156636
19,5,180,173,192,477.366667,1.064969,2.952660,0.018280,2.901099,0.019250,2.313917,0.019633,9.878711,0.017648,0.075342,374163.000000,26.653156,33.387018,-0.121102
19,5,180,173,193,482.366667,1.066690,3.234168,0.017251,3.205674,0.018256,2.572457,0.018752,10.838035,0.016925,0.071305,421154.000000,26.919760,33.354649,-0.104554
19,5,180,173,194,487.366667,1.062038,3.510577,0.016631,3.486311,0.017203,2.796305,0.017314,11.713007,0.016003,0.067031,468559.000000,27.340426,33.319035,-0.079452
19,5,180,173,195,492.366667,1.059840,3.818019,0.016264,3.805436,0.015652,3.056618,0.014609,12.712424,0.014525,0.060410,511204.000000,27.745755,33.393345,-0.020959
19,5,180,173,196,497.366667,1.044677,4.131542,0.015177,4.081921,0.013547,3.242848,0.011486,13.559511,0.012494,0.052243,526321.000000,28.281494,33.386610,-0.019075
19,5,181,173,187,452.366667,1.114755,2.212137,0.018673,2.199310,0.015884,1.796375,0.012177,7.747140,0.013073,0.056378,316570.000000,27.317936,33.502158,0.101097
19,5,181,173,188,457.366667,1.086207,2.418670,0.017781,2.373979,0.016177,1.905746,0.013739,8.253518,0.013834,0.059913,334383.000000,27.627493,33.493911,0.125886
19,5,181,173,189,462.366667,1.070860,2.642211,0.017273,2.583344,0.016514,2.058212,0.015072,8.888938,0.014613,0.063110,345134.000000,27.961484,33.468233,0.175138
19,5,181,173,190,467.366667,1.057594,2.875052,0.015946,2.800606,0.016099,2.215965,0.015699,9.552449,0.014601,0.062939,363081.000000,28.508906,33.378428,0.129572
19,5,181,173,191,472.366667,1.055707,3.100658,0.014747,3.034209,0.015763,2.406095,0.016337,10.283646,0.014586,0.062339,402406.000000,29.081764,33.450256,0.085686
19,5,181,173,192,477.366667,1.055745,3.332321,0.013963,3.278886,0.015606,2.609055,0.016886,11.052377,0.014630,0.061977,432487.000000,29.778801,33.372617,0.073031
19,5,181,173,193,482.366667,1.062293,3.565963,0.012867,3.545927,0.014258,2.846662,0.015319,11.900660,0.013423,0.056114,459455.000000,30.346735,33.298420,0.056010
19,5,181,173,194,487.366667,1.062085,3.791167,0.012879,3.784465,0.013786,3.045127,0.014376,12.649753,0.012967,0.053867,495607.000000,31.100510,33.277698,0.043021
19,5,181,173,195,492.366667,1.063146,4.054220,0.012977,4.067666,0.013924,3.284416,0.014571,13.540975,0.013163,0.054270,548513.000000,31.670063,33.280181,0.053418
