,time,growth_rate,p1lo_p5t_phi_r,sigma_p1lo_p5t,p1lo_p5o_phi_r,sigma_p1lo_p5o,sigma2_p1lo_p5t,d_phi_r,chi1_r,chi2_r
0,-300.0,0.018744894728382328,0.18441002432641862,0.1016479163584001,0.18302923716982736,0.10241475634294155,0.07113327103123808,0.0002876475592096927,0.19975540574241318,0.20633824475052603
1,-295.97701149425285,0.01873938151228083,0.18556722715082544,0.10098432681245931,0.18417777533078464,0.10174616062456375,0.07022979621455877,0.00026631571933168486,0.1997787804594101,0.20600220234913438
2,-291.95402298850576,0.018792710433323163,0.1865527944819609,0.10073668682106159,0.18515596313514135,0.10149665241732868,0.06976328162229005,0.00019512173759803666,0.19693563618488247,0.2015453958707935
3,-287.9310344827586,0.018778655708784776,0.18713717216598205,0.10034701011795226,0.1857359652370669,0.10110403596210543,0.06947403651120129,0.0001855816183139502,0.19701975488073592,0.20141139139187972
4,-283.9080459770115,0.018633997092197985,0.18804597991667085,0.09909277029190042,0.18663796820545306,0.09984033405081587,0.06909461555394185,0.00019090806564450139,0.19829112832470802,0.2027391673621018
5,-279.88505747126436,0.018649965195091725,0.18867321407346654,0.09884797525010469,0.18726050588833937,0.09959369225570938,0.06879964426409574,0.0002248174790055143,0.20072779308494273,0.2059926455984733
6,-275.8620689655172,0.01869310948602611,0.18985485618453132,0.09846000182295657,0.18843330034452963,0.09920279192609698,0.06804514833586146,0.00022463885820509956,0.20187205740902672,0.20724351185518214
7,-271.8390804597701,0.01868455298359376,0.1904806531624731,0.09809160496555265,0.18905441160957193,0.09883161585343163,0.06762141503390533,0.00016041289436419153,0.19906597465799103,0.20293451802493362
8,-267.81609195402297,0.01871374894862253,0.19114553464493286,0.09790314476027243,0.18971431473028055,0.09864173388933842,0.0671519327549671,0.00014806383546122134,0.1990575695807291,0.20268076631866744
9,-263.7931034482759,0.018756131689004706,0.19167197137882774,0.097855370057912,0.19023680972031645,0.09859359877081472,0.06680318221038116,0.0001060560068804957,0.19732644260130633,0.1999548159327728
10,-259.7701149425287,0.018628547546358003,0.1919988588382242,0.09702426180592136,0.19056124957955,0.09775622057191379,0.06646170802154992,5.1869994238511095e-05,0.19478329461398344,0.19606372315981882
11,-255.7471264367816,0.018523142610682077,0.19208931616005714,0.09642984305929743,0.19065102959379804,0.09715731748287733,0.06621781538558834,3.268439795330686e-05,0.19385383304794518,0.19465889785923768
12,-251.72413793103448,0.018335173874028717,0.19226183675279104,0.09536564397646922,0.19082225842259687,0.09608508999732861,0.06607766160157608,2.148662873678695e-05,0.19343371703516035,0.19395313627948024
13,-247.70114942528735,0.018254314844888667,0.19226219708092784,0.09494489879986642,0.1908226160527433,0.09566117068557105,0.06564857401268862,5.6094079563408564e-05,0.1953351187457536,0.19670644040037003
14,-243.67816091954023,0.018059003779706477,0.19271316842743916,0.09370923599601393,0.19127021070948122,0.0944161859430173,0.06547208482002266,0.0001396312392651543,0.20044511427386855,0.20377978926322274
15,-239.6551724137931,0.017964296013458492,0.19338566682214173,0.09289362706482478,0.19193767371009596,0.0935944239930296,0.06500584218255828,0.00017315575826919012,0.20302455042434162,0.20715967279762704
16,-235.632183908046,0.01791134927193493,0.19410637567788092,0.09227594513257396,0.19265298619144997,0.0929720822190393,0.06476278488566671,0.00018224939919115428,0.2042814549767207,0.20860413176969977
17,-231.60919540229884,0.017960257224293792,0.1948520412983924,0.09217382124721919,0.1933930685714859,0.09286918790295194,0.06445433810706676,0.0001226490180827656,0.2016809534097883,0.204617821892139
18,-227.58620689655172,0.018054965936885214,0.1950932068578572,0.09254533372881542,0.1936324283814621,0.09324350310432689,0.06452938493960107,0.000105231975003739,0.20092162965143093,0.20345208604210452
19,-223.5632183908046,0.018146467468876337,0.19569873535014662,0.09272654438164074,0.1942334229230178,0.09342608082476353,0.06429158880644541,9.710138045940234e-05,0.20104971512766776,0.20341635242940959
20,-219.54022988505747,0.018301678050485545,0.1958744823328179,0.09343574432216473,0.19440785398386015,0.09414063102617737,0.06444886941221233,5.63778564425605e-05,0.19895495704595847,0.20034044814902127
21,-215.51724137931035,0.018369692112768652,0.19615235028704078,0.09365012494567232,0.19468364137601046,0.09435662895419945,0.0644436618029574,2.3979335564904936e-05,0.19745772521753496,0.19804933320082235
22,-211.4942528735632,0.0183792613304026,0.19606741951552403,0.09373949723935335,0.19459934653152064,0.09444667547958893,0.06432547205759205,8.410302651868977e-06,0.19652501694017988,0.19673426192107774
23,-207.4712643678161,0.01825570267779262,0.19622001938883743,0.0930369018138582,0.19475080379913276,0.09373877961819181,0.06433267454739208,3.5776363783559365e-05,0.19817975571972543,0.1990541592389312
24,-203.44827586206895,0.01830118671208588,0.1963552753160814,0.09320445647628099,0.19488504698507986,0.09390759832634565,0.06444113643891318,2.398695214605072e-05,0.19766595273407694,0.19825097398172817
25,-199.42528735632183,0.018278206356822542,0.19641301785438037,0.09306005557316936,0.19494235717076913,0.09376210805130908,0.06477544212490442,2.1473270069425722e-05,0.1975878196730178,0.19810080444361042
26,-195.4022988505747,0.018304135601688577,0.1965280487534216,0.09313752269862648,0.19505652676528754,0.09384015959493645,0.06470133262443449,4.558905551859704e-05,0.19901869111483372,0.2001133266767789
27,-191.3793103448276,0.018241057774606665,0.19677982634705873,0.09269780400372486,0.1953064191508462,0.09339712362714542,0.06451966669222507,6.281454094862675e-05,0.20022340630414165,0.2017273457050794
28,-187.35632183908046,0.018163915099390353,0.19703345310588183,0.09218696019923799,0.195558146855795,0.09288242597627222,0.064304747156835,4.5986560782660234e-05,0.19956520688974552,0.20066296252200747
29,-183.33333333333331,0.018162289609384197,0.1971498331579537,0.09212429611762757,0.19567365550143567,0.09281928915183443,0.0640820689745304,4.0064973925304703e-05,0.19935577606421612,0.20032109371128992
30,-179.31034482758622,0.01809011763843368,0.19735581496505095,0.09166245059278945,0.19587809500065256,0.0923539594275379,0.06388032323688965,3.7995329041279735e-05,0.19945615117074572,0.20036960628493528
31,-175.28735632183907,0.017932640001535098,0.197455542701964,0.09081862051652972,0.1959770760168882,0.09150376342991139,0.06452990516363609,3.213180018448808e-05,0.19924734804583627,0.19997730821753346
32,-171.26436781609195,0.01777735468164072,0.19761434669067326,0.08995983833839608,0.19613469094600688,0.09063850253056241,0.06501041673827364,1.6157147884816848e-05,0.1985232078893252,0.19887200677970074
33,-167.24137931034483,0.017638288618252094,0.19758554274241655,0.08926912553134692,0.1961061026699836,0.08994257893103215,0.06541743932313211,1.3548777366869831e-05,0.19835368854500024,0.19863376023283996
34,-163.2183908045977,0.017456196216713148,0.19772335984190095,0.08828595786896942,0.19624288785115648,0.08895199417343,0.06586063951065832,2.174932117725461e-05,0.19896929686662523,0.19939353408389862
35,-159.19540229885058,0.017249678558721768,0.19776053728062434,0.08722507936072345,0.19627978692036016,0.0878831123131429,0.06613920265332592,6.38095685686715e-05,0.20145971163633478,0.2026390475105896
36,-155.17241379310343,0.017132157248909288,0.19823677016371785,0.08642270167517534,0.19675245396558275,0.08707468142636818,0.06560651131944448,0.00011323333346311451,0.204846173277288,0.2069432607550832
37,-151.1494252873563,0.017033664759111944,0.19867161007860343,0.08573778987532572,0.197184037976285,0.08638460259729824,0.06538460137666909,9.886952707301499e-05,0.20447597035404716,0.20628277556984487
38,-147.1264367816092,0.017147849529302314,0.19903227210568464,0.08615612607887496,0.19754199951299603,0.08680609476251747,0.06516433595825309,8.61277423893631e-05,0.2040549277011975,0.20567290677761624
39,-143.10344827586206,0.01722354482987489,0.19936459191392014,0.08639219564781854,0.19787183104585296,0.08704394525910901,0.06456100463306848,9.665983762521037e-05,0.20497666762655453,0.20687438123197457
40,-139.08045977011494,0.01732856051858443,0.19980999493715185,0.0867251937223408,0.19831389907264815,0.0873794554976526,0.0639535458125384,9.278439883782354e-05,0.2051644153887707,0.2070709395030506
41,-135.05747126436782,0.017498525949221147,0.20011113305399458,0.08744404012993941,0.19861278238991795,0.08810372493985771,0.0641161610298834,6.611514572469108e-05,0.2038894596351335,0.2052641574378334
42,-131.03448275862067,0.01783583536212661,0.2003419558797643,0.08902696034789054,0.19884187690837662,0.08969858683412599,0.06406540838630945,2.00474817140238e-05,0.20146595603490106,0.20190389577467593
43,-127.01149425287355,0.017898101451528196,0.20027243463100397,0.08936877151618454,0.19877287620641276,0.09004297665312332,0.06406223078815604,-3.3865096111936405e-05,0.19838032913570045,0.1976328895884114
44,-122.98850574712642,0.017948513278514596,0.20006947809495562,0.08971140150621072,0.19857143932624724,0.09038819147110928,0.0642529435831941,-1.7920471352529088e-05,0.19907104044864757,0.19867543705073665
45,-118.9655172413793,0.01800226461827752,0.20012824693046638,0.08995364169922661,0.19862976812465277,0.09063225914345305,0.06434572331804221,-2.779115169245314e-05,0.1985844882822218,0.197970112634145
46,-114.94252873563218,0.017987456214155064,0.1998458711273152,0.09000664418378626,0.19834950663651102,0.09068566148298167,0.06412774670431236,-8.400443084654371e-05,0.19517570377033022,0.19329104715202317
47,-110.91954022988506,0.017834392546970786,0.19945234921101143,0.08941680866392211,0.19795893125204497,0.09009137619693303,0.0641325701424439,-6.241077125193839e-05,0.1959528876460848,0.19457322641142935
48,-106.89655172413791,0.017788053526002774,0.19934371549655247,0.08923307906494002,0.1978511109425961,0.08990626052720899,0.064275331566378,-1.364494207500646e-05,0.19857663088805047,0.19827877627567472
49,-102.87356321839079,0.017682810802743434,0.19934256232075276,0.08870564618453561,0.19784996640130711,0.08937484865110704,0.06431271088357562,1.5506252819505477e-05,0.20021947340646656,0.2005520738377753
50,-98.85057471264366,0.0176558165969659,0.19946847845027263,0.08851431932573489,0.1979749397221316,0.08918207840723065,0.06429430021037681,5.668048487344576e-05,0.2026787794047573,0.2038881175611608
51,-94.82758620689654,0.017488774711322947,0.19979861219904485,0.08753201295462529,0.19830260156384819,0.08819236143854636,0.0640922553195238,5.3662126239000694e-05,0.20286698760697194,0.20398915089388953
52,-90.80459770114942,0.017448283097124585,0.19990024268437953,0.08728495204817487,0.19840347108150022,0.08794343668492158,0.06397173814778719,-1.390563428059335e-05,0.19910327978532588,0.19881284267865562
53,-86.7816091954023,0.01745958401400976,0.19968672778529295,0.08743487465417653,0.19819155489501875,0.088094490319015,0.06382047278210519,4.396499754208001e-05,0.20220482887560542,0.2031365589068786
54,-82.75862068965517,0.01762349787273035,0.2002539840439135,0.08800572910881868,0.19875456376980397,0.08866965134517239,0.06362394974230655,2.9664124767339956e-05,0.20193719840814256,0.2025822347729297
55,-78.73563218390802,0.01768821483386834,0.19992540465123707,0.08847407294097925,0.19842844464579776,0.08914152840053989,0.06374498608711832,-0.00012541198228294546,0.19283526110306995,0.19008472672583526
56,-74.7126436781609,0.017809274734084005,0.199244922117499,0.08938383244508231,0.19775305728812892,0.09005815120286938,0.06403134882929472,-0.00010895676307752031,0.19312694344041142,0.19070459943222715
57,-70.68965517241378,0.01783228077714528,0.1990487410402685,0.08958750848636478,0.1975583451349051,0.09026336379244466,0.0639695233751786,-5.010207933610171e-05,0.196239112818156,0.19511393616895847
58,-66.66666666666666,0.017778367868504903,0.19884180193893267,0.08940960952448475,0.19735295550927898,0.09008412274661382,0.06416447279771069,-5.590587564062656e-05,0.1956972008116455,0.19445997588096134
59,-62.643678160919535,0.017618343236973682,0.19859892365005657,0.08871318591846086,0.19711189579411176,0.08938244526538609,0.06430514103883025,-4.877462079867903e-06,0.19832208365356746,0.19821700460468233
60,-58.62068965517241,0.017536549851806575,0.19880255799116361,0.08821088636387688,0.19731400540420777,0.0888763563229182,0.06445340975113589,5.5919781790681764e-05,0.20199131417543215,0.20316668722030287
61,-54.59770114942526,0.01743434346045904,0.19904885292883218,0.08758826390570815,0.1975584561856928,0.08824903675128859,0.06479767462474527,8.930082487120018e-05,0.2041709743940731,0.20597252309528113
62,-50.57471264367814,0.017373476395557336,0.19952107037518477,0.08707589811385727,0.19802713786012938,0.08773280563105738,0.06509188452970528,0.00016075799892228805,0.20877414070274433,0.21189925568821308
63,-46.55172413793102,0.017373890227562586,0.20034230809257472,0.08672102459523633,0.198842226483961,0.08737525491832088,0.06498816493756647,0.00015489793134315327,0.20925786639956906,0.21223934122105115
64,-42.528735632183896,0.017418981498013637,0.2007673755698998,0.08676201224709934,0.19926411122913512,0.08741655178429715,0.06442485864879861,0.00012032439867175831,0.207675035394068,0.2100700341838734
65,-38.505747126436745,0.017483344445001336,0.20131043543820956,0.08684768083156669,0.19980310488632563,0.08750286665939536,0.06427712896335668,7.826354604202763e-05,0.20578689852501925,0.20735878332940377
66,-34.48275862068965,0.017468087457377556,0.20139708226219197,0.08673456070548456,0.1998891029341791,0.08738889314606395,0.06408514225463362,8.505178394517525e-05,0.206266063148205,0.2079868923706529
67,-30.4597701149425,0.017567464610080116,0.20199476013661902,0.08696990257667266,0.20048230564010164,0.08762601045509011,0.0634394588788843,3.7479090841111724e-05,0.204128197810921,0.20491951501262892
68,-26.436781609195407,0.017525915207454557,0.20169863816551126,0.08689158918898114,0.2001884009097105,0.08754710626495858,0.0633447050456292,-3.3799917714937164e-05,0.19977007025251803,0.1990531711024292
69,-22.413793103448256,0.01759170001118008,0.20172280677569424,0.08720729347545307,0.2002123885551837,0.0878651922497361,0.06358465585694008,-3.697231274395466e-05,0.19962111605106514,0.19884030694382068
70,-18.390804597701162,0.01755262600593144,0.20140115978711162,0.08715255674041404,0.19989314992825286,0.08781004257640425,0.06376225641855347,-3.708064612240321e-05,0.1992886185576755,0.19851366207755244
71,-14.367816091954012,0.01753355998284041,0.20142445674942203,0.08704782063606445,0.19991627245239774,0.08770451633453372,0.06370024217286395,-4.498543738310169e-05,0.19885878055889783,0.1979184022475113
72,-10.344827586206861,0.017472097604904178,0.20103920799207517,0.08690890587667315,0.19953390828084375,0.08756455359112307,0.06439673167043981,-8.877678195493766e-05,0.19595814766592295,0.1941818818175239
73,-6.3218390804597675,0.017497680322711408,0.20071016080265816,0.087178846615122,0.19920732486276846,0.08783653078402288,0.06457393023367383,1.322021401038948e-06,0.20078571489763858,0.20081216355877982
74,-2.298850574712617,0.017543952240239503,0.20104984494587663,0.08726170490189834,0.1995444655894673,0.08792001416032025,0.0647266388135338,6.623197250613947e-05,0.20482504745436428,0.2061394125996148
75,1.7241379310344769,0.01761603638675386,0.20124306173086848,0.08753611794235465,0.19973623564586548,0.08819649739463041,0.06518865859956118,1.664625894145338e-05,0.20218801089968208,0.20251195088532878
76,5.7471264367816275,0.01793356719801446,0.20118378036264695,0.08914022375803869,0.1996773981523854,0.08981270471246984,0.06656587693393463,-3.0402187378333073e-05,0.19948851321124056,0.19891360080269013
77,9.770114942528778,0.018364643163592244,0.20099844643012327,0.09136709009328924,0.19949345192486662,0.09205637070488283,0.06745444171797169,-0.00010879721529600285,0.19507417039999095,0.19297401026258768
78,13.793103448275872,0.018887473868481608,0.20030840046946072,0.09429197090194535,0.19880857274731914,0.0950033170475356,0.06967677193310733,-0.00017421295964378092,0.191084670453638,0.18782613904818926
79,17.816091954023022,0.01942443833024674,0.19959673296172503,0.09731841820262457,0.19810223391603707,0.09805259610792437,0.07201730559327302,-0.00019397137872843092,0.18961078765763928,0.18610252635060837
80,21.839080459770116,0.02010593756125093,0.19874771121532392,0.10116311497780264,0.19725956929868782,0.1019262975820797,0.074116975930383,-0.00015204547478562955,0.19118549362052453,0.18842595323172212
81,25.862068965517267,0.020606095296144603,0.19837337856689813,0.10387530547197663,0.19688803950067715,0.10465894905756189,0.07501323435844272,-1.9634938210321003e-05,0.19742050816966208,0.19705388202159344
82,29.88505747126436,0.02086644874482217,0.19858972895386157,0.10507315184296404,0.1971027699440571,0.10586583207706625,0.07523506880539113,0.0002116174517728311,0.20873124629400513,0.21275335249164717
83,33.90804597701151,0.021032838041262054,0.20007604771909332,0.10512421792133833,0.19857795975971504,0.10591728340200687,0.07419368892471835,0.00045123488639782993,0.2215298755626112,0.23047373930384843
84,37.93103448275866,0.021146920585315657,0.20222035447660275,0.1045736500662815,0.20070621082154644,0.10536256201915935,0.07246191394575792,0.0006577938671021882,0.23332624833232365,0.2471109277714513
85,41.954022988505756,0.021089425748058607,0.20536864205209943,0.10269058380737837,0.20383092530189617,0.103465289758278,0.07047942355956992,0.0008159630666111356,0.2440592672193707,0.2617420158062332
86,45.977011494252906,0.021032854254527025,0.2087855745527843,0.10073902040205171,0.20722227320364658,0.10149900360303982,0.06898176198821529,0.000906462381330173,0.25188302439771293,0.2717238752582139
87,50.0,0.021019185606925336,0.21266201753406633,0.09883845667719329,0.21106969095866251,0.09958410187392511,0.06780030897407079,0.0009868394679728076,0.25961148010732926,0.2811043667324986
88,54.02298850574715,0.02102078366586046,0.2167256622261287,0.09699259169376835,0.21510290873429103,0.0977243115379099,0.06681673238301696,0.0010326987941469102,0.26585317386234336,0.2880402043642797
89,58.045977011494244,0.021072001815643122,0.2209710882915702,0.09536089982884424,0.21931654677840975,0.09608031005947573,0.06643520390179973,0.0009850598176763946,0.2677184180561833,0.28807207043860406
90,62.068965517241395,0.021179117783851,0.2246514308740997,0.09427546355456026,0.22296933245459222,0.09498668516740585,0.06675615750485767,0.0009525661372284048,0.26962809831370066,0.2881691096994444
91,66.09195402298855,0.02131803244094834,0.22863541353363787,0.09324029078203992,0.22692348467455173,0.093943702968964,0.06760957906623942,0.0009613725708464722,0.2737320974564861,0.29082819716497066
92,70.11494252873564,0.021484746050976226,0.23238661247861153,0.09245259794366874,0.2306465961695944,0.09315006771302402,0.06822570936631578,0.0009006041665542481,0.27430491881639235,0.2891900720295909
93,74.13793103448279,0.02166366492643334,0.23588165395418928,0.09184124565550424,0.23411546819804552,0.09253410333445962,0.06925201340990213,0.0009603708300079404,0.2802126031850429,0.29467286301772755
94,78.16091954022988,0.021801258474702125,0.24011373409936507,0.09079554968596765,0.23831586025071402,0.0914805185511643,0.06994353720671927,0.0010153499554405717,0.2866867315535611,0.30057136997613154
95,82.18390804597703,0.021982144544425344,0.24405113635428582,0.09007187949542736,0.24222378084115484,0.09075138893501444,0.07015747167044509,0.0009142135201633178,0.28564005040749463,0.29744518784665686
96,86.20689655172418,0.02207656296412035,0.2474694750661964,0.08920923664712595,0.24561652442499401,0.08988223824029419,0.07064695429044493,0.0008799615278687216,0.28732900978176185,0.2978019869316958
97,90.22988505747128,0.022210750339661533,0.2511312865785169,0.08844278481692594,0.24925091778407402,0.08911000423638439,0.07121314562466427,0.0008964109749005086,0.29149061533562765,0.30125533877857086
98,94.25287356321843,0.02217075584746911,0.25468197716309704,0.08705270822234536,0.25277502224366377,0.08770944079315517,0.07107014346337653,0.000861083855478693,0.2935207006330048,0.3022549226672316
99,98.27586206896552,0.02216807054574675,0.2580595474846673,0.08590292729651429,0.25612730269426554,0.08655098582835728,0.07092684464929655,0.0007713905181646258,0.29285691591475954,0.3002043210910579
100,102.29885057471267,0.022116081678101352,0.26088856753913425,0.08477213810752308,0.2589351401987534,0.085411665875576,0.07104102412365994,0.0007537162762370793,0.2949685771541912,0.3015557076519292
101,106.32183908045977,0.02204836015700485,0.2641239313164599,0.08347732841590799,0.2621462788897967,0.08410708803642308,0.07091470199059163,0.0006389839995372074,0.2931049528068132,0.2982389763052928
102,110.34482758620692,0.021971440304046165,0.2660298181101233,0.08259014143651772,0.26403789517936893,0.08321320804773231,0.0711370182335884,0.000514260251012678,0.2894356687915633,0.2932040315677996
103,114.36781609195407,0.021911395921646353,0.2682616574740332,0.0816791938436722,0.2662530234390939,0.08229538819362418,0.07144392535258624,0.000515582848424264,0.2917920089983246,0.29516303689680834
104,118.39080459770116,0.021928222829047928,0.2701781858560656,0.08116207738817945,0.2681552016371555,0.08177437057036585,0.07198595862387831,0.0004095830965639444,0.28885653930755356,0.2912374868266104
105,122.41379310344831,0.021805156609470598,0.2715571536532833,0.08029674901258842,0.2695238442851265,0.08090251408852402,0.07251803985871072,0.00028265046748128503,0.2845197052434206,0.28591014435220324
106,126.4367816091954,0.021766333709737396,0.27245238501970814,0.07989041354203195,0.2704123725236848,0.08049311319078396,0.0729436350632162,0.00019445248900687952,0.28138602040359867,0.28223681411532714
107,130.45977011494256,0.02184209443711238,0.2731217139096605,0.07997201732681354,0.27107668975151,0.08057533260102351,0.07325225091450967,8.974566869535977e-05,0.2772305537900921,0.27760747659966256
108,134.48275862068965,0.02193234014503771,0.2731744766069122,0.08028693023396004,0.2711290573831736,0.08089262123624688,0.07340149849403556,-3.374960946453973e-05,0.27163567093267244,0.2714913231789022
109,138.5057471264368,0.022035953675209878,0.2728501653277619,0.08076210490376334,0.2708071744147978,0.08137138066164085,0.07374228446986485,-6.0028704162370735e-05,0.27012603978969174,0.2698667194790433
110,142.52873563218395,0.02210336706055838,0.27269148703319196,0.0810563149625128,0.27064968423867186,0.08166781026452842,0.0740913101967028,-9.400871097227777e-05,0.26843834719640985,0.2680385278497929
111,146.55172413793105,0.022120428864612747,0.27209377340039875,0.08129707853351535,0.2700564460421273,0.08191039017510467,0.07444950230663612,-0.00013365388301490793,0.2660516716024213,0.2654959425330475
112,150.5747126436782,0.02198708979232099,0.27161611096295707,0.08094913705365432,0.26958236014647724,0.08155982379698112,0.07446234790701764,-0.0001391493723607914,0.26528742564465774,0.26473610207792725
113,154.5977011494253,0.02188963585528192,0.27097418074922,0.0807812603944737,0.2689452364447386,0.08139068066290024,0.07485920315871045,-0.00020235032116277258,0.261730065291998,0.26099877002673033
114,158.62068965517244,0.02167730956173098,0.2699880049306129,0.0802898986838399,0.26796644470901665,0.0808956120803493,0.07512359720814095,-0.0003383031613279578,0.25438167886120083,0.25330842107804047
115,162.64367816091954,0.021442330877126613,0.2682522012902594,0.07993347593791102,0.26624363805937296,0.08053650045281054,0.07552986922219423,-0.00030954056632825894,0.25381624429929356,0.2529745868489648
116,166.66666666666669,0.021305634013579964,0.26749744864981084,0.07964798962053588,0.2654945366993043,0.0802488604038977,0.07578637604559699,-0.00024220400967035465,0.2561293753262957,0.255550127332691
117,170.68965517241384,0.021099079468215154,0.26630343339636,0.07922946842676175,0.26430946174577885,0.07982718185287258,0.07637223893131802,-0.00025392256624552574,0.2542686635085054,0.25381842006958544
118,174.71264367816093,0.020946101356835063,0.2654543935190997,0.07890659137019697,0.263466779133327,0.07950186898605276,0.07662374914673775,-0.0002289789264976295,0.25452257749296797,0.254196887201362
119,178.73563218390808,0.02084267578442725,0.2644610742176434,0.07881188506129398,0.262480897402246,0.07940644820520529,0.07683816911497675,-0.00017642276570121567,0.255996577263129,0.25577915260544776
120,182.75862068965517,0.021023519161033385,0.2640349000019635,0.07962401622238971,0.26205791420552305,0.08022470614852471,0.07687036666118952,-0.00017824043791229296,0.2555567552847528,0.25525305126336784
121,186.78160919540232,0.021108570803100895,0.26302695575168245,0.08025250013929751,0.2610575170312778,0.0808579313982054,0.07713468616368245,-0.00024404389165994653,0.25146559075277425,0.25099827588881934
122,190.80459770114948,0.02134395532954809,0.26207132845987197,0.08144330574039217,0.26010904508742544,0.08205772053168763,0.07686824067682033,-0.00019139445167958033,0.253104178335892,0.2525704690316228
123,194.82758620689657,0.021504320392989613,0.261487000393341,0.08223858302952654,0.2595290922314745,0.082858997456092,0.07662699131245004,-0.00017644658745603631,0.2532818311886654,0.2526809455378322
124,198.85057471264372,0.021499244765389027,0.2606516432734441,0.08248267494264222,0.25869998992547144,0.08310493081805963,0.07672920823942556,-0.00012411188775680035,0.25487879454730633,0.25444592297609314
125,202.8735632183908,0.021359159999495773,0.2604883989975966,0.08199658826147126,0.2585379679562762,0.08261517706021432,0.07694205909034671,-7.674027645150524e-05,0.25689554813392423,0.25665952417365295
126,206.89655172413796,0.02117879208523137,0.26003419277325956,0.08144618159388951,0.25808716264316023,0.08206061808085302,0.07687123619090516,-6.11515669166046e-05,0.25714679642551186,0.256974954767926
127,210.91954022988506,0.021093929547167167,0.2599963748959688,0.08113162945293906,0.25804962793073233,0.08174369293347465,0.07719127790400751,-9.567514592902244e-05,0.2554607028811795,0.25522917228945713
128,214.9425287356322,0.020948880087570072,0.2592643927485433,0.08080122328208826,0.25732312656750883,0.08141079415213046,0.07737961484170736,-8.591574707497394e-05,0.2551631831986375,0.25498183397325774
129,218.9655172413793,0.021127874547683737,0.2593050987700782,0.08147882416464744,0.257363527798933,0.08209350690976706,0.07723465425894961,-1.4953004341565836e-05,0.2585973605492828,0.2585584691826206
130,222.9885057471265,0.02122566157897065,0.2591440812193583,0.08190679670975666,0.2572037158820545,0.08252470811387526,0.07671980041930618,1.919430132774954e-05,0.2600483781834994,0.2601095173545195
131,227.0114942528736,0.02143280717011112,0.25945953567731295,0.08260558670222425,0.25751680834550467,0.08322876983375467,0.0764598355124149,8.88829975221401e-05,0.26360658915550084,0.263939924411547
132,231.0344827586207,0.021370069705224905,0.2598592317741341,0.08223710029205143,0.257913511680739,0.08285750353272718,0.07595655075061336,8.126291325255586e-05,0.263661882601833,0.26397630889786855
133,235.0574712643678,0.021405560700337375,0.26011337520923006,0.08229319496976718,0.2581657521932992,0.08291402139316358,0.07578377061015744,8.974324009233284e-05,0.2643058951505983,0.2646660103997442
134,239.080459770115,0.02121640986743112,0.26058130382085404,0.08141953991456387,0.2586301771460549,0.08203377541457463,0.07550758260649354,0.00010705433904457296,0.2656271310703035,0.26602220020446066
135,243.1034482758621,0.02103822490866457,0.2609747319601634,0.08061403014248887,0.25902065945569047,0.0812221888125626,0.0755661625713586,0.00014607769842970788,0.2679181741499817,0.26838200049062594
136,247.1264367816092,0.02089396515818772,0.26175664162431145,0.07982210127900391,0.25979671449872555,0.08042428557459766,0.07546315427709904,0.0001885799759802174,0.2707822131016487,0.27130355345785956
137,251.1494252873564,0.020914374308676077,0.2624920421117284,0.07967622233581459,0.26052660860680277,0.08027730610903124,0.0752662053835171,0.00013374015375284897,0.2688866945062477,0.26926137163152836
138,255.1724137931035,0.02092435938655269,0.2628327118269206,0.07961094051463315,0.2608647275259139,0.0802115317965864,0.07500537120735226,6.18686786282725e-05,0.2657894894985961,0.26597104508953473
139,259.1954022988506,0.021061795999130592,0.262989836077703,0.08008596953118627,0.2610206752942991,0.08069014446991049,0.07483536427224939,7.613858929897679e-05,0.2666048454198369,0.2668584820159503
140,263.2183908045977,0.02112969926792418,0.26344532116610775,0.0802052553994742,0.26147274989586955,0.08081033024029845,0.07441944900549889,3.521520112599948e-05,0.26511194219461703,0.2652415151319599
141,267.2413793103449,0.021151072730570104,0.2632731767764179,0.08033888218142496,0.26130189445325963,0.08094496511334517,0.07396612745019514,1.8460164278155237e-05,0.26414595351513503,0.26422114999063945
142,271.264367816092,0.021057134875880453,0.2635938512235182,0.07988477264602334,0.2616201678207027,0.08048742973940615,0.0736484271561338,0.00013930946791346481,0.2702096357893964,0.27076984216219546
143,275.28735632183907,0.020954907863847978,0.26439405755273315,0.07925634962377526,0.2624143825308284,0.07985426584377935,0.07338343632868392,0.00015269993235548813,0.2716811300298654,0.27226431810300983
144,279.3103448275863,0.020873044509689614,0.2648224713689072,0.0788190080765945,0.26283958855882905,0.07941362495710111,0.07319009847172778,8.8647459064645e-05,0.2690694540754066,0.26939608134121845
145,283.33333333333337,0.020894627264298117,0.26510731297049467,0.0788157332597747,0.2631222973825127,0.07941032543480213,0.07319091883554352,0.00010720733233666584,0.27023816938542805,0.27063248217218544
146,287.35632183908046,0.020842698703369696,0.2656850591003516,0.07844889273768768,0.2636957175846507,0.07904071743857138,0.07336181666600496,7.075435106263986e-05,0.2690797419132448,0.26931513697968706
147,291.37931034482756,0.0209522138662511,0.26567660085260786,0.07886360258679677,0.2636873226688213,0.07945855589184347,0.07381228084748498,3.044708705839368e-05,0.26712976886877804,0.26722921599473964
148,295.40229885057477,0.021013694235479493,0.2659300356628904,0.07901963455575123,0.26393885986246207,0.07961576497841083,0.07389843870399215,1.33282024358633e-05,0.26656429836256174,0.26660825305989294
149,299.42528735632186,0.020968138526886095,0.26578383926301136,0.07889169855107964,0.26379375812168315,0.07948686381432074,0.07396745838504126,-6.739482226676791e-05,0.26256968545625586,0.26235570939677494
150,303.44827586206895,0.02097681121324629,0.26538777847223827,0.07904211465201529,0.2634006628728058,0.07963841466631326,0.07422544073049499,-9.680883309477898e-05,0.26077273798249756,0.26047325649805064
151,307.47126436781616,0.02092419670194538,0.2650049176174212,0.07895776761453517,0.26302066872414,0.07955343130805811,0.07417583119348094,-8.669085410468041e-05,0.2608618264708626,0.26059473140592426
152,311.49425287356325,0.02086090148753193,0.2646902658530052,0.07881249965994955,0.2627083729439862,0.07940706744044211,0.07401451314214019,-0.00011507481519364068,0.25917397427459865,0.2588163809932557
153,315.51724137931035,0.020768517096971938,0.2640790282997712,0.07864508299158238,0.26210171208860916,0.07923838776738204,0.07389246718663747,-5.078856414839803e-05,0.2616335689580543,0.26147628190078986
154,319.54022988505756,0.020741587623135303,0.2642816222334204,0.07848289808368057,0.26230278908139454,0.07907497932360541,0.07361843210440733,1.8449181357515149e-06,0.26437057001163644,0.26437644739082933
155,323.56321839080465,0.020623203510249485,0.26409387246867955,0.0780904279128828,0.2621164451104263,0.07867954832655079,0.07336005052718371,-1.833829201373307e-05,0.26320466570676115,0.2631473281841237
156,327.58620689655174,0.020611333082129018,0.2641340727574478,0.07803360190132017,0.2621563443958049,0.07862229361502665,0.07327861045421949,-2.4750962909226494e-05,0.2629332303465954,0.26285530862622536
157,331.60919540229884,0.020575948670880095,0.26389472679009957,0.07797029111250901,0.2619187905535805,0.07855850520457748,0.07335301927419771,-4.5511018194344237e-05,0.2616828716322981,0.26154364441804584
158,335.63218390804604,0.020641108207861733,0.26376789215128643,0.07825481729225345,0.26179290560088625,0.07884517787250479,0.0734805629713153,-7.71685842016791e-05,0.26002930489014864,0.25978639757338434
159,339.65517241379314,0.020653122248629502,0.2632738301356033,0.07844730423070075,0.26130254292035754,0.0790391169477611,0.07380366454451955,-5.296447181254996e-05,0.2607093524176609,0.26054799849873483
160,343.67816091954023,0.020708382961280507,0.2633417412286567,0.0786369181910271,0.2613699455228047,0.07923016137092047,0.07414542418898754,1.718352852044855e-05,0.26417152733762417,0.26422179314124145
161,347.70114942528744,0.020712302403963455,0.2634120884110552,0.07863079682069055,0.26143976597415197,0.0792239938204781,0.07455132891416358,6.9751004584210805e-06,0.26374884964224915,0.2637672773034972
162,351.72413793103453,0.02073420878341317,0.26339786272659804,0.07871821194287702,0.2614256468058263,0.0793120684093152,0.07475453850845384,-3.8241088392313355e-05,0.26155351511768876,0.26145572317398696
163,355.7471264367816,0.02073771132685553,0.2631044014929561,0.07881932498727402,0.2611343828903825,0.07941394425858003,0.07491014097847051,-4.821399326338872e-06,0.2628719072099397,0.26285977450105097
164,359.7701149425287,0.020754044221369866,0.2633590698584551,0.07880512424548101,0.26138714440288063,0.07939963638525883,0.07464241763875128,3.4637211845468556e-05,0.26502800780018904,0.26512108221037095
165,363.79310344827593,0.02083792180290574,0.263383091703207,0.07911639911337563,0.26141098638184257,0.07971325953557218,0.07437776366342973,3.656170172543115e-05,0.26513766694690205,0.265249451599194
166,367.816091954023,0.020813966256773418,0.263653244470039,0.07894447230721893,0.2616791163547829,0.07954003569988356,0.07403963212432127,5.6026631175288096e-05,0.2663450250986857,0.26652334518769916
167,371.8390804597701,0.020838438564933233,0.26383388068967484,0.07898317877317546,0.2618584000439747,0.079579034170505,0.0737706765223313,9.423013051318198e-05,0.2683558188483117,0.26867533079996014
168,375.8620689655173,0.020849153626852173,0.2644114179339382,0.07885118498196332,0.2624316129245694,0.0794460446076092,0.07354650893494821,7.88007529793931e-05,0.26819098397243213,0.2684635920638678
169,379.8850574712644,0.020934980416711633,0.2644679097366355,0.07915886822548442,0.26248768173965575,0.07975604903804842,0.0737179027171393,7.794036976297626e-05,0.2681908828759253,0.26846566780187603
170,383.9080459770115,0.020964097835446765,0.26503852435731845,0.07909830424192779,0.26305402383045606,0.07969502815497159,0.07341837530790225,7.828372407145813e-05,0.268772704796941,0.2690615954109723
171,387.9310344827586,0.021117467377378865,0.2650977787808886,0.07965916377908658,0.26311283458103535,0.08026011886119132,0.07332745654101892,3.990284601486157e-05,0.2669873446697227,0.26715050562715265
172,391.9540229885058,0.02121587451539556,0.2653595817390472,0.07995141677702486,0.26337267726526903,0.08055457663904493,0.07313868345183952,2.8140992821867238e-05,0.2666859938462383,0.2668095466850249
173,395.9770114942529,0.02135320262528336,0.26532420056221395,0.08047966442577259,0.26333756100827804,0.08108680943016755,0.07301975454114563,1.8381447774444987e-05,0.26618502917406256,0.26627297392149224
174,400.0,0.021452766078158093,0.2655074784452784,0.08079910292462647,0.26351946658119857,0.08140865779852292,0.07301468007159354,4.555764521887461e-05,0.2676311041377833,0.2678575134072044
