,time,growth_rate,p1o_p5t_phi_r,sigma_p1o_p5t,p1o_p5o_phi_r,sigma_p1o_p5o,sigma2_p1o_p5t,d_phi_r,chi_r,chi2_r
0,-300.0,0.019161320997217696,0.22963953765951509,0.08344086211159357,0.19725941745954195,0.09713767405375055,0.05712295180082554,1.670566694875465e-05,0.2305113808352116,0.23091305984127977
1,-295.97701149425285,0.01903122188692293,0.22970674436563077,0.08285007886677628,0.19731714774341583,0.0964499137787581,0.05673472314839501,7.012393072968637e-06,0.23007521219784005,0.2302448202962837
2,-291.95402298850576,0.01899104708208189,0.22969595921297575,0.0826790647391113,0.19730788334168597,0.09625082769345983,0.05665983495514201,8.49219716326519e-06,0.23014312766696152,0.2303484755781513
3,-287.9310344827586,0.018972541140254123,0.22977507238878347,0.08257005837496702,0.19737584123400825,0.09612392794192239,0.05658218098464651,1.556019472154666e-05,0.23059521527879057,0.2309719022939806
4,-283.9080459770115,0.018893143395608995,0.2298211561819997,0.08220802518566724,0.1974154270226612,0.0957024670287812,0.05653511149564172,1.531767642660075e-05,0.23063190937991174,0.2310000769897963
5,-279.88505747126436,0.018847142705750917,0.2298983180611814,0.08198034185154518,0.19748170875921495,0.0954374094905712,0.05646257058289405,-1.7442064638343436e-06,0.22980577318628628,0.22976394832912372
6,-275.8620689655172,0.01886766547889023,0.22980712233688838,0.08210217893608605,0.19740337200748576,0.09557924612440129,0.05621541108034833,9.611464288442468e-06,0.23031653693824414,0.23055111847512502
7,-271.8390804597701,0.018857505566730565,0.22997565168189302,0.08199783511349562,0.19754813802103585,0.0954577742703023,0.05600841310473002,3.242951648317377e-05,0.23169536569011198,0.23249335960953288
8,-267.81609195402297,0.018875871433605484,0.23006804948100587,0.08204473187905152,0.19762750735008652,0.09551236913679173,0.055791284873515104,2.8677046039242497e-05,0.23158729303699807,0.23230219645383404
9,-263.7931034482759,0.01893537808416583,0.23020638653508232,0.08225392166207418,0.19774633831002625,0.09575589740872464,0.05562094875543985,4.329986206523343e-05,0.2324931041212203,0.23358805285689394
10,-259.7701149425287,0.01882626314964789,0.2304164391757836,0.08170538185986558,0.19792677266363484,0.09511731483462342,0.05538047607289798,6.0948068733645125e-05,0.233653835160806,0.23519271944538023
11,-255.7471264367816,0.018838857360628413,0.2306967732950082,0.08166068858075375,0.19816757851795713,0.09506528515673068,0.055136162909244314,6.137904565010572e-05,0.2339548820260814,0.23552227054421546
12,-251.72413793103448,0.018881928570948513,0.23091029356607182,0.08177170571023377,0.19835099155177127,0.09519452574059944,0.05501795693752064,1.7847255695800308e-05,0.23185549657479732,0.23231512330836307
13,-247.70114942528735,0.018945895866289333,0.23084037190405488,0.08207358058738483,0.19829092913195526,0.095545953358671,0.054677346821098705,3.122385068103583e-05,0.23248842544036682,0.23331418716007654
14,-243.67816091954023,0.019035826269555696,0.23116151995086176,0.08234859449618674,0.19856679398204619,0.0958661107822331,0.0545823237011882,5.988813315422843e-05,0.2343075947419523,0.23590801697880986
15,-239.6551724137931,0.019129250910447624,0.2313222304466751,0.08269525533066888,0.19870484363632995,0.09626967596954014,0.05434496335926901,1.9124743712603155e-05,0.23232199482857038,0.2328435447639703
16,-235.632183908046,0.019109972249619387,0.23131539719912408,0.08261435460419818,0.19869897390481503,0.09617549539422307,0.05434514781625878,2.0134359349699534e-05,0.2323690020441076,0.23291706520029434
17,-231.60919540229884,0.01903762261504872,0.23148423103914395,0.08224155282451814,0.19884400147832965,0.09574149822730998,0.054254491955328846,0.00011686359899821573,0.23762279158114347,0.24078935459457282
18,-227.58620689655172,0.018966758719037483,0.2322556790301442,0.08166327212423428,0.1995066721266684,0.09506829278870099,0.054204248942381905,0.00011347320894379945,0.2382384202367323,0.24126918318775764
19,-223.5632183908046,0.018815239475098087,0.23239723386972624,0.08096154658039197,0.1996282671511103,0.09425137904370895,0.05413912383365938,7.390234120846788e-05,0.23632502555721857,0.23827099146214742
20,-219.54022988505747,0.018669230868701543,0.23285029556860315,0.080176968739132,0.20001744528526155,0.09333801280221231,0.054214614167552896,0.00014378690995431307,0.24055210776245028,0.2442403601292825
21,-215.51724137931035,0.018552984014793137,0.23355414004177244,0.07943761567007476,0.2006220447900966,0.09247729497625466,0.05412353521754064,0.000177456386518444,0.24311898343176028,0.24759254958217633
22,-211.4942528735632,0.01848051031704749,0.2342781055750734,0.07888278877654444,0.20124392820274947,0.09183139328521119,0.053834007597472734,0.0001460601082225172,0.24218157283418815,0.24585902934847553
23,-207.4712643678161,0.018441624328134402,0.23472933631482717,0.07856548575334381,0.20163153355055177,0.09146200499194654,0.05377835955746986,8.30689987264262e-05,0.23923376592733678,0.24130991451506734
24,-203.44827586206895,0.018666451519867174,0.23494647682919406,0.07944980393742049,0.20181805635845945,0.09249148394687108,0.05385633893264526,4.11839706124061e-05,0.2371527863984538,0.23820126291708923
25,-199.42528735632183,0.018901239314189477,0.23506070159561665,0.08041003530528874,0.201916174962571,0.09360933722963592,0.05412533862207057,1.4703890929931668e-05,0.23583863423196463,0.23621641890559336
26,-195.4022988505747,0.01904488848837792,0.2350647839975958,0.08101974342772121,0.2019196817290645,0.09431912889964002,0.05409413709778093,-4.0782294807258016e-05,0.23292340654442012,0.23185752603681914
27,-191.3793103448276,0.019163445768979274,0.23473256818912147,0.08163948410234874,0.20163430971726545,0.09504059996461185,0.05408780258151904,-5.687209304176419e-05,0.23176482983311947,0.23025309931127985
28,-187.35632183908046,0.01925771910728857,0.23460719244438621,0.0820849476379699,0.20152661246869016,0.09555918630985033,0.054005958860000904,-2.935164817857253e-05,0.23308304267280378,0.2322906007786945
29,-183.33333333333331,0.019179521025879706,0.2344964055026272,0.08179025595198228,0.20143144694181164,0.09521612100329188,0.05387617426231127,-5.479392890098869e-05,0.2316395078341686,0.23015930483185237
30,-179.31034482758622,0.01912804053939727,0.2341663217520794,0.0816857026931859,0.20114790635899413,0.09509440533404775,0.053838456180709454,-4.620724005074058e-05,0.23175064096368034,0.23050116125749764
31,-175.28735632183907,0.018984606470554288,0.23412462311141435,0.08108761145349486,0.20111208739832964,0.09439813745731111,0.05442309858424639,2.8112140600192192e-05,0.23560540917057207,0.23633091800704328
32,-171.26436781609195,0.01879535528527964,0.23439251138909245,0.08018752465209641,0.20134220232600106,0.09335030146758475,0.05480973327896258,5.4044554064091725e-05,0.237267932111063,0.23859929832700047
33,-167.24137931034483,0.018641893997123994,0.2345594643510105,0.07947619614797131,0.20148561423296948,0.09252220843702093,0.05510560100076592,7.363720328516851e-05,0.23850955672341262,0.24025649533316554
34,-163.2183908045977,0.01850175112595192,0.23498499463391564,0.0787358833476831,0.20185114299414353,0.09166037334001485,0.05541709991172393,0.0001640129978508613,0.24384972299040103,0.2475798835562331
35,-159.19540229885058,0.0183733703186281,0.23587910916130478,0.07789316478240368,0.20261918369224144,0.0906793225785345,0.05545096510895046,0.00025785923228088554,0.24991350937254153,0.25559353335803736
36,-155.17241379310343,0.018464849097599528,0.2370597240890492,0.07789112709278015,0.2036333270547673,0.09067695040229537,0.054862220715276924,0.00022923745358885747,0.24947452652676091,0.2546857505586319
37,-151.1494252873563,0.018615022800443,0.2377235484430542,0.07830533795393921,0.20420354944199678,0.09115915394864633,0.05464357281778603,0.00014863704042781723,0.24570833804128558,0.24916591239801678
38,-147.1264367816092,0.018751382982269173,0.23825565429938797,0.07870278267858653,0.20466062618199107,0.09162183919829707,0.05443650806176312,0.00014706839750534796,0.2460987236689599,0.24959494489874365
39,-143.10344827586206,0.018854010888226483,0.23890685738849954,0.07891783054835862,0.20522000695463688,0.09187218716152802,0.05387529886299528,0.00012490492036713822,0.24553170348133466,0.24861109091289899
40,-139.08045977011494,0.018960658368251126,0.23926063641728448,0.07924687759829675,0.20552390168391033,0.09225524726273471,0.05340852493065202,9.082718577137436e-05,0.24405093346327003,0.24636841713498092
41,-135.05747126436782,0.018900957070060294,0.23963765083723473,0.0788730694197052,0.20584775551853834,0.091820078496596,0.053540658514787814,5.399397825064333e-05,0.2424943304249669,0.24384594960836067
42,-131.03448275862067,0.018964068225718528,0.23969507072504828,0.07911747274716388,0.2058970789657815,0.09210460061393203,0.053547155481857914,5.796837153275441e-05,0.2427518184040162,0.24421150393255336
43,-127.01149425287355,0.01894145114825854,0.24010406302198103,0.0788885073824198,0.20624840166508954,0.09183805059985901,0.053434743112459195,0.0001240796872677842,0.2466547589690121,0.24977519823245148
44,-122.98850574712642,0.018826447852525866,0.24069341303639827,0.07821754494660343,0.2067546509012123,0.09105694972502056,0.05340841166604879,0.00012352626576620426,0.24725472862465095,0.25030257348367
45,-118.9655172413793,0.018856952915941444,0.24109795251665164,0.07821282893158983,0.20710214864932436,0.09105145957645748,0.05341147309918873,0.00011314402028121471,0.2470980746352981,0.24988420194217947
46,-114.94252873563218,0.01890907919740173,0.24160376722256896,0.07826483591202618,0.20753664139934747,0.09111200349925863,0.05304414558962211,0.00013701828447119216,0.24884993098553101,0.2522952358398116
47,-110.91954022988506,0.018856991858000112,0.24220039848366123,0.07785698114477792,0.2080491451963883,0.09063719939920938,0.05281325652613784,0.0001049353729468714,0.24776519766992977,0.2504039915551349
48,-106.89655172413791,0.018768893046336953,0.24244807482099207,0.07741407334413641,0.20826189815051085,0.09012158831267675,0.05284794865323157,3.345609412354907e-05,0.24423060371286395,0.24505920403016668
49,-102.87356321839079,0.018871354712590962,0.2424695854478737,0.07782978090935838,0.2082803756904463,0.09060553424696256,0.05287368538880865,4.839807198427555e-05,0.24503421701361838,0.24624470933809117
50,-98.85057471264366,0.018853971562480188,0.2428374845955782,0.07764028520506054,0.20859639954374132,0.09038493283546167,0.05281180645297473,4.277815430795866e-05,0.24510640465659536,0.24617309480239274
51,-94.82758620689654,0.018908779951468085,0.2428137774940297,0.07787358751474889,0.20857603524110957,0.09065653170370186,0.05273812630283126,-1.6630971125231258e-05,0.2419342405187242,0.24151504535429433
52,-90.80459770114942,0.01898496672569008,0.24270367218422575,0.07822282438017428,0.20848145523327433,0.0910630957772594,0.05268962708968594,-1.879892763078533e-05,0.24171347146897526,0.24123362388575667
53,-86.7816091954023,0.01906702841730017,0.24266252175447164,0.07857426140404318,0.2084461071835254,0.09147222116512203,0.052517798312767656,-3.08382604812402e-05,0.24104516115656854,0.24024271516533396
54,-82.75862068965517,0.01917837375245648,0.24245554824931922,0.07910057695497727,0.20826831779467694,0.09208493137858655,0.05254963026626629,-6.432305085242657e-05,0.23910161158697904,0.23740701938779715
55,-78.73563218390802,0.01921707605896297,0.24214497996600384,0.07936186024447407,0.20800154091787,0.09238910430260172,0.052630627072028695,-4.811001145137947e-05,0.23964147676375988,0.23836994093813577
56,-74.7126436781609,0.01923330249185133,0.2420684562031587,0.07945398088427334,0.20793580732062233,0.09249634653927083,0.05270377359644087,3.8655362963589165e-05,0.24407827032530266,0.24509836700356014
57,-70.68965517241378,0.01933455672533648,0.24245600012777985,0.07974459990739238,0.20826870595641434,0.09283467065562284,0.0525169642576992,2.720883169653008e-05,0.24386326444126033,0.24459286640001493
58,-66.66666666666666,0.019323077350564204,0.2422873778374986,0.07975271977859338,0.20812386010325426,0.09284412340313913,0.05265886941958471,-7.552501463649727e-05,0.2383788381537669,0.23636783050243498
59,-62.643678160919535,0.01933654220332266,0.24184832759622182,0.07995317724754337,0.20774671775349854,0.09307748595222763,0.05280554106951897,-1.6511342635989963e-05,0.24099443435810436,0.24055544287172287
60,-58.62068965517241,0.019263879159056283,0.24215452795422052,0.07955200888375762,0.20800974260044053,0.09261046582832262,0.052914570039346215,7.41007233381511e-05,0.24600114278845628,0.24793754645437988
61,-54.59770114942526,0.019299599931128193,0.24244454031273568,0.0796041845538494,0.20825886202246965,0.09267120613117488,0.05319939475590538,3.8388731863519805e-05,0.24443363500902537,0.24542089487513322
62,-50.57471264367814,0.019126770732110155,0.24246340280829481,0.07888518642639382,0.208275064828501,0.09183418450912319,0.05356355773152759,3.3186986316160856e-05,0.2441985094178202,0.24501876347063395
63,-46.55172413793102,0.0190255536878182,0.2427115620417163,0.07838750460741611,0.20848823258837737,0.09125480825280313,0.05364342288751452,8.904897690412748e-05,0.24739205535956094,0.24955102477113358
64,-42.528735632183896,0.018861956972975435,0.2431798888293625,0.07756380292702053,0.2088905233709375,0.09029589599659005,0.053188649170972505,9.104392661850438e-05,0.2480067435798504,0.2502187818349122
65,-38.505747126436745,0.018870706156493836,0.24344409938232495,0.07751556190670986,0.20911747914821882,0.09023973621601765,0.053152476700656294,4.5982674182715305e-05,0.24588082187704152,0.24699772331696174
66,-34.48275862068965,0.018774965524613184,0.24354986436876366,0.07708879482759899,0.20920833083615178,0.0897429153493768,0.052993503814474076,2.062726064985518e-05,0.24464852207989574,0.245148064011794
67,-30.4597701149425,0.0187409565065231,0.24361006584732378,0.07693014014563956,0.20926004365839487,0.08955821751197111,0.05260225284561211,5.06795685333908e-05,0.2463142804649582,0.24756494607135315
68,-26.436781609195407,0.018665356801892345,0.24395763101213577,0.07651064951095475,0.20955860070409707,0.08906986751762282,0.05237196594216733,5.510976956556047e-05,0.24691014727799002,0.2482709870820916
69,-22.413793103448256,0.01871020373180599,0.24405347778635703,0.07666436021118614,0.20964093268856698,0.08924880981903002,0.05255600274033693,2.9803762985351232e-05,0.24564639272264321,0.24637709065822208
70,-18.390804597701162,0.01859228623966743,0.24419743140397193,0.07613628911972668,0.2097645882534637,0.0886340558931802,0.05258774557745408,9.437685596834538e-05,0.24927356108225693,0.2515466279240225
71,-14.367816091954012,0.018533301695926506,0.24481283179989544,0.07570396355316544,0.21029321466005502,0.08813076411374526,0.05241059702688846,0.00010848678327474387,0.2506664452064364,0.2532680252363631
72,-10.344827586206861,0.018627472630521842,0.24507031356825149,0.07600868648390632,0.2105143904390608,0.08848550729321318,0.052826748959530344,1.0759931638500788e-05,0.2456479513322104,0.24590143584184918
73,-6.3218390804597675,0.018721063727215676,0.24489940596250406,0.07644389194672857,0.21036758150932358,0.088992151703688,0.05292231669538912,9.929009301126417e-06,0.245429771621518,0.24566549516005895
74,-2.298850574712617,0.018853026569778737,0.24515020214883526,0.07690398133276967,0.2105830144008935,0.0895277647317159,0.0530828878918408,9.436299496558444e-05,0.25015539293962574,0.25240148621473224
75,1.7241379310344769,0.019011543097990347,0.2456586484507329,0.07739008261214599,0.21101976768102984,0.09009365950363254,0.05340241562606733,3.169328682572307e-05,0.24732570339005938,0.2480745226759147
76,5.7471264367816275,0.019224288325574032,0.24540520560605372,0.07833692149315924,0.2108020613208349,0.0911959219237197,0.05457086670859657,-9.758542862059553e-05,0.24032905261833673,0.23811834684660854
77,9.770114942528778,0.01944791969091566,0.24487347833539477,0.07942027786397722,0.21034530978437668,0.09245711117044429,0.05536833993738331,-0.00012590004075419526,0.2383997761217331,0.23558760794088582
78,13.793103448275872,0.01988542056372988,0.24439221677239928,0.08136683248897827,0.20993190808304196,0.09472319260711849,0.05710837652736728,-0.00020501636104127392,0.23408233369076034,0.22970290881627728
79,17.816091954023022,0.02007052724294807,0.24322392140747648,0.08251872236416924,0.20892834717426217,0.09606416512838116,0.05909952783403156,-0.0003724654488000248,0.22466609059957415,0.2173122340515463
80,21.839080459770116,0.020495866529995875,0.2413953683337784,0.08490579861356808,0.20735762761182192,0.09884307978467323,0.061022626200502895,-0.0004155627262783603,0.22111992764088645,0.21318448015247232
81,25.862068965517267,0.020787266250652497,0.23988031326500692,0.0866568246794302,0.20605620154499146,0.10088153666228623,0.062033555544324666,-0.00029861012701169943,0.22551526288218776,0.21981327629425523
82,29.88505747126436,0.02112490994575224,0.23899275811644288,0.0883914228708959,0.20529379532630038,0.10290086903101796,0.06251617011176627,-0.00011415151073240485,0.23358911327130316,0.23135256109706429
83,33.90804597701151,0.021075173151899034,0.23896185283382665,0.08819471770063085,0.20526724781576525,0.10267187472019287,0.062120291878052396,0.00011619058972007931,0.24447500277962483,0.2467890971755859
84,37.93103448275866,0.021087872510870215,0.2399276249302826,0.08789264061192562,0.20609684207068854,0.10232021169755405,0.06107372558046265,0.00040230952295865045,0.2590053921517636,0.26738289022053385
85,41.954022988505756,0.02091785730854105,0.24219882600705717,0.08636646862991626,0.20804779444545907,0.10054351868663902,0.05976190614822331,0.000755976372342228,0.2783390654776435,0.29442783039611564
86,45.977011494252906,0.020771339172657746,0.246010193443381,0.08443283947678473,0.21132174338245893,0.09829248443717836,0.058543902627708165,0.0008946785675212161,0.2890829370967571,0.30813030992821827
87,50.0,0.020522626015041137,0.24939738919400947,0.08228885667714958,0.2142313305876948,0.09579656700419117,0.05781355828325283,0.0008678432819065846,0.2916845351601513,0.30958674610307124
88,54.02298850574715,0.02051480220520612,0.2529928405391811,0.08108846938705756,0.21731980849128762,0.09439913622061084,0.05723838090688067,0.0009957535349090995,0.301531136202417,0.32175607317483934
89,58.045977011494244,0.020246381461723584,0.2574091992450022,0.07865445959626745,0.22111344243813144,0.09156558388524304,0.05703082621021783,0.0011035887938040992,0.3119171514877508,0.3325842197076098
90,62.068965517241395,0.020188589178659077,0.26187229060427153,0.07709326226182164,0.22494721954189617,0.0897481161126287,0.05726786239398489,0.0010532808190085144,0.314044377008502,0.33210568454932343
91,66.09195402298855,0.020188161275857562,0.2658838725013926,0.07592849120907784,0.22839315187646933,0.08839214796937828,0.05813795294622043,0.0009505355005555583,0.3129676800640098,0.32737558810952716
92,70.11494252873564,0.020408853849594344,0.2695202773903507,0.07572288826356416,0.23151680870557542,0.08815279531409183,0.058825783488734365,0.0008758185995601932,0.312433936629358,0.324760446425385
93,74.13793103448279,0.020438353180716705,0.272930688819693,0.07488477484559808,0.23444633808325116,0.0871771056345487,0.059851384003127006,0.000868922683166241,0.31544500861264274,0.32612369877987135
94,78.16091954022988,0.02064190375903072,0.2765116093238722,0.07465112878806218,0.23752233405425266,0.08690510659227475,0.06073670445840958,0.0009085167537289426,0.3205248342829059,0.33060800711319693
95,82.18390804597703,0.020855766135797246,0.28024059373475346,0.07442093187804598,0.24072551631155537,0.08663712287485546,0.06109753928483912,0.0008988248072566838,0.3233377785326748,0.3327358773668643
96,86.20689655172418,0.02115213282771623,0.28374353306042027,0.07454666049855699,0.24373452677125101,0.08678348984002526,0.06161537676194072,0.0007282425076393752,0.3181723310247153,0.3253979389587065
97,90.22988505747128,0.021412499246193456,0.2861000162100128,0.07484270546309767,0.2457587360954792,0.08712813056572088,0.06250908028225176,0.0005908997630313535,0.3136960364707677,0.3191409889295518
98,94.25287356321843,0.02158374061191118,0.28849789896986794,0.07481420380869215,0.24781850751448734,0.08709495036664848,0.06273974513903885,0.0005841810918978821,0.31556369365308873,0.32077258984065904
99,98.27586206896552,0.0217606950938646,0.29080032384597276,0.07483036747025948,0.24979628100433907,0.08711376729218241,0.06294129660050668,0.00045235906519098417,0.31158821978586515,0.31551487496157754
100,102.29885057471267,0.021848079493615,0.2921375696093356,0.07478695575797252,0.25094496960983653,0.08706322955022326,0.06344199770306588,0.0003923149421849088,0.31009406515850096,0.31330511928973864
101,106.32183908045977,0.0218640520993605,0.29395688085205823,0.07437843276873038,0.25250775047751606,0.08658764753958446,0.0637177460299586,0.00031616392576927114,0.30841732598512295,0.3108367190941372
102,110.34482758620692,0.021739354984142895,0.29468141728793895,0.07377239862702624,0.25313012429313464,0.08588213293399985,0.06422043234265594,0.0002152984726458381,0.3045850447324,0.30605808239333804
103,114.36781609195407,0.021726485413413252,0.2956891674135765,0.07347744796827375,0.253995777502308,0.08553876614431445,0.06481693597090463,0.0001964297192317865,0.30473019340071184,0.3059382096831424
104,118.39080459770116,0.021584481852440867,0.2962618862932522,0.0728560873033653,0.25448774066215557,0.0848154091677653,0.06564811947783858,0.00016072107127785824,0.30370802618100134,0.3045255901441761
105,122.41379310344831,0.021487011596355864,0.29698232545834086,0.07235114602592722,0.25510659493903165,0.08422758181336347,0.06630964473106071,0.00013094029333652094,0.3030762530736044,0.3036314735355411
106,126.4367816091954,0.021568319238500087,0.29731542888331614,0.07254355860208234,0.2553927294097508,0.0844515789010422,0.06684371349184186,-1.865644783723572e-05,0.2964504357593302,0.296376676738914
107,130.45977011494256,0.021592658175659005,0.2968322161079263,0.07274364777106286,0.2549776516250022,0.08468451269374586,0.06740097345173961,-0.0001424216902571004,0.2902363774159745,0.289713544937611
108,134.48275862068965,0.021525947628047597,0.29616950723756935,0.07268117446939187,0.2544083874336341,0.08461178440377849,0.0677024995594404,-0.00020326064987431357,0.28672691946459383,0.28603253483867536
109,138.5057471264368,0.021528783693587624,0.2951967855916962,0.07293027818861596,0.25357282354437166,0.08490177848187423,0.06815993767994287,-0.0002507149652623746,0.2835512152319991,0.2827361714111798
110,142.52873563218395,0.02157587302969199,0.2941522603906307,0.07334933616025757,0.25267558069680285,0.08538962479156971,0.06868575317743818,-0.0003297006670784364,0.27887127191685196,0.2778337327692084
111,146.55172413793105,0.02150826076202747,0.2925440216037088,0.07352145035854937,0.25129411019970394,0.08558999152401468,0.06924512044151614,-0.0002268652449628311,0.28199620244376267,0.2813448070191388
112,150.5747126436782,0.021512016047277656,0.29232690784495274,0.07358890156867604,0.2511076103747558,0.0856685148457782,0.0691868343587517,-0.00011887793297711784,0.28680079012935344,0.2864491865067931
113,154.5977011494253,0.021523071309061018,0.29158753248780095,0.07381341419308272,0.2504724899868549,0.08592988120248485,0.06956714189527166,-0.00019074348279107784,0.2827252525625945,0.2821843125050239
114,158.62068965517244,0.021598998056071024,0.2907921901673234,0.07427640351566128,0.2497892942078643,0.08646887019143916,0.0697490194690796,-0.00021125769785995902,0.2810112874925079,0.28037641257859236
115,162.64367816091954,0.02162554290061705,0.2898877579073185,0.07459971078713529,0.24901239061992597,0.0868452483299302,0.06989275376194665,-0.000177896018774213,0.28166155893549355,0.2811075620909435
116,166.66666666666669,0.021580496371040682,0.2893608428898297,0.07457987803573397,0.24855977278912963,0.0868221600337111,0.07006014370206573,-0.00012044889504423069,0.28377946547508853,0.28341939851265346
117,170.68965517241384,0.021640512661411787,0.28891862886673275,0.0749017560629285,0.24817991276381515,0.08719687431756964,0.07039417819249855,-0.00010775281052130344,0.28393941177482707,0.28362057562456805
118,174.71264367816093,0.021823977072127562,0.2884938662534514,0.07564797600568213,0.24781504342768762,0.08806558621408225,0.07050448289613702,-7.558641552608714e-05,0.2850304088242085,0.2847777402180327
119,178.73563218390808,0.0218442842031441,0.2883104623050286,0.0757665331618564,0.24765750019103772,0.08820360451952347,0.0704820233806315,-1.3286628554440942e-05,0.2877022195065519,0.2876566154664898
120,182.75862068965517,0.021923157923113747,0.2883869623455421,0.0760199342744408,0.24772321341090014,0.0884986014078126,0.07037925504476324,4.179050011619997e-05,0.2902931886411681,0.290445966772536
121,186.78160919540232,0.02190137904852587,0.2886467077082624,0.07587607432772721,0.24794633360814594,0.08833112686045513,0.0702883530028015,5.872843617203016e-05,0.29132820260599956,0.2915413737159012
122,190.80459770114948,0.02179301701687119,0.2888594899929033,0.07544504429266492,0.24812911271466115,0.08782934327392818,0.06973965768284916,7.20908782191883e-05,0.2921674706255701,0.2924380958198172
123,194.82758620689657,0.021724267841017345,0.2892267492571524,0.0751115444778665,0.2484445869107023,0.08744109948680683,0.06927769357060483,0.00011209919178201232,0.29438683992636977,0.29482136939870973
124,198.85057471264372,0.02167913608280006,0.28976143751298844,0.0748171884736329,0.24890388192123772,0.0870984249641399,0.06902089659111414,0.0001594399258049774,0.2971159707008434,0.29773359555247375
125,202.8735632183908,0.021636393062902878,0.2905095992348936,0.07447737740813383,0.24954654976028973,0.08670283393493694,0.0689908830579377,0.0002067551361609806,0.3000654958928942,0.3008254277955073
126,206.89655172413796,0.021729048853821577,0.29142498458554805,0.07456137943945913,0.2503328620080039,0.08680062489409333,0.06859106427958571,0.00016541972127377387,0.2990378222383421,0.299700460156641
127,210.91954022988506,0.02179123690333176,0.2918405625095102,0.07466829393402656,0.2506898417338182,0.08692508939580262,0.06876855038947935,0.00012369554391030083,0.2975169518057685,0.2980039366399298
128,214.9425287356322,0.021758883103121233,0.2924202360882746,0.07440963523657354,0.2511877789515516,0.0866239718904399,0.06860598678606927,0.00013678061311844672,0.2987064325106832,0.2992382064248204
129,218.9655172413793,0.02168321032618311,0.2929410961782793,0.0740190113612023,0.2516351956245662,0.08616922713201833,0.06836643923425974,0.00014238850039728675,0.2995078590448161,0.30005080235383413
130,222.9885057471265,0.021537800831740655,0.2935658906891723,0.07336615565649923,0.2521718915372423,0.08540920520699596,0.06772408791879761,0.00013606210022971082,0.2998832534177381,0.30040955047885076
131,227.0114942528736,0.021405449744655993,0.2940358487088632,0.07279877551886674,0.25257558354141324,0.08474868965766945,0.06746875766042233,0.0001249080665981703,0.29987118821764197,0.30033217882826535
132,231.0344827586207,0.021363472585655643,0.2945708981215714,0.07252404335216711,0.253035188784215,0.08442886022415691,0.0670059773458049,8.374984528274958e-05,0.2984911336987679,0.2988139723399211
133,235.0574712643678,0.021399386689272843,0.2947096980387244,0.07261174922876477,0.2531544173416319,0.08453096301453973,0.06688742342269283,0.00011471808498920276,0.3000705098533316,0.30052929615188473
134,239.080459770115,0.021503020522492283,0.29549391719619716,0.07276975690912467,0.2538280583693937,0.08471490764507654,0.06658635991784856,0.00016379552222271638,0.30311124342491863,0.3038186098005901
135,243.1034482758621,0.02167032846850224,0.29602759304511406,0.07320374511574575,0.2542864837265535,0.08522013498682607,0.06661831358171069,0.0001593663838994991,0.30338172171608174,0.30410870065402407
136,247.1264367816092,0.021823556373738333,0.2967761754574575,0.0735354053946514,0.25492951293696003,0.08560623727836074,0.06655851602475518,0.00019781349325261852,0.30584039440807087,0.3067905365779989
137,251.1494252873564,0.021909096693425823,0.297619195864388,0.0736145282221945,0.2556536639959305,0.08569834811275998,0.06638274757694886,0.0002034076689954841,0.3069033608777507,0.30791478398543504
138,255.1724137931035,0.02187119160767779,0.2984127888861568,0.0732917368900753,0.2563353571345318,0.08532257060503437,0.06606240030662351,0.00016886655792547345,0.30613374716564046,0.3069786666037793
139,259.1954022988506,0.021942120477585682,0.2989778923074665,0.07339044471897131,0.2568207786469946,0.08543748131745046,0.06582740961507058,0.00014641572810966715,0.3056507081029697,0.30641736048073087
140,263.2183908045977,0.021890665508152354,0.29959084646864836,0.07306853919665122,0.2573473037480136,0.08506273502514332,0.06544076988784138,0.0001653044584402191,0.30714221389412283,0.30802240049318486
141,267.2413793103449,0.0218179552260135,0.30030792817997404,0.07265194548223194,0.2579632739859294,0.08457775748032861,0.06484443306469075,0.0001749072214741491,0.30832459242106697,0.3092898287975983
142,271.264367816092,0.021779649024963352,0.3009981459517737,0.07235808365561466,0.2585561682103869,0.08423565825450072,0.06449631936852683,0.00017372278210493045,0.30897452710951473,0.30994680628978577
143,275.28735632183907,0.021755142631835717,0.3017056976911631,0.07210716535458031,0.25916395224164285,0.08394355173111173,0.0643081805765701,0.0001355104474933028,0.30793459031607295,0.30869000025505716
144,279.3103448275863,0.0217254746547125,0.30208845989712213,0.07191759215863866,0.2594927434007896,0.08372286010771889,0.06416128164451367,0.00014952355108847107,0.3089708665402395,0.3098028649299266
145,283.33333333333337,0.021731263938336624,0.30290876074589795,0.07174194594050186,0.260197378452838,0.08351838157460728,0.06405707044772317,0.0002592334777421062,0.31483781735658073,0.31626893673432716
146,287.35632183908046,0.021754030083006994,0.3041742464996448,0.07151831666666887,0.2612844255055001,0.083258043570412,0.06407885881502282,0.00031878225499280935,0.3188281866558563,0.32052948677525106
147,291.37931034482756,0.02182473659498701,0.3054736754412424,0.07144555603183221,0.2624006296167871,0.08317333928222696,0.06419602556067017,0.00025981916625335147,0.31737847736737557,0.31872286315392384
148,295.40229885057477,0.021939660985189464,0.3062647455384649,0.07163626014680813,0.26308015557358966,0.08339534746493804,0.06416610049398067,0.00022686698131940732,0.3166052417508975,0.3178090730107319
149,299.42528735632186,0.022005272218890662,0.30729904195760543,0.07160865871468118,0.26396861193959514,0.0833632152595711,0.06397467087715641,0.0002656658406563222,0.3193718687790005,0.32081249851347843
150,303.44827586206895,0.022125086278163866,0.30840228678512493,0.07174099293751092,0.26491629470454836,0.08351727213623904,0.0638728234700592,0.00018716274128986098,0.3168615867370794,0.31790364503326834
151,307.47126436781616,0.022284074683844593,0.3088049490714319,0.07216229775737791,0.26526217995078855,0.084007734114146,0.06365493847731424,8.29885036139515e-05,0.31252906617260623,0.3130267872126165
152,311.49425287356325,0.022321658984339986,0.3090700103774211,0.07222201519028609,0.26548986652141743,0.08407725415967719,0.06338667778426761,9.330569536389369e-05,0.3132500623811433,0.3138327111508625
153,315.51724137931035,0.02235134931568995,0.3095556845513713,0.07220461594198477,0.26590705863739617,0.0840569988259294,0.06303696526070954,0.00012391403705753104,0.3150996020709524,0.31590587025050576
154,319.54022988505756,0.022346129687103984,0.31006701987098745,0.07206870855340163,0.26634629357185907,0.08389878224858832,0.06274772038293182,0.00010446794453021523,0.3147420103947605,0.3154364664021376
155,323.56321839080465,0.022304259645890896,0.31039623123149945,0.07185737905836863,0.26662908477522734,0.08365276303106148,0.062416801104045905,9.424232818475325e-05,0.31462153750397714,0.3152606175680086
156,327.58620689655174,0.02218609976822093,0.31082529147707166,0.0713780389709938,0.2669976457598001,0.08309473930036175,0.062270923106999665,0.00015607880821208404,0.3178602732829161,0.3188891386218292
157,331.60919540229884,0.02209681903292937,0.3116520377343553,0.07090221258801513,0.26770781739122196,0.08254080604840013,0.06211246081148091,0.00020883977371431172,0.32110316159988056,0.3224406232251635
158,335.63218390804604,0.022048119012221368,0.3125056114954627,0.0705527139391591,0.26844103373798384,0.08213393721967926,0.062020688576707735,0.00015430931782113444,0.31950436353120776,0.3204671637071625
159,339.65517241379314,0.022102843751683844,0.3128936069582035,0.07064012578127349,0.2687743202431617,0.08223569770983802,0.06209961792308026,0.00015745441845011818,0.3200173246218242,0.320997043478727
160,343.67816091954023,0.02207989399448699,0.3137724861266705,0.07036912084628509,0.2695292738306671,0.08192020733287314,0.06222848074124264,0.00024223848454322323,0.3247434846560886,0.3261786948614014
161,347.70114942528744,0.02214930575508644,0.3148426522361375,0.07035039756453987,0.27044854211299313,0.08189841062568007,0.0623731286203582,0.0002107804579937531,0.32435899827083653,0.3255761001440928
162,351.72413793103453,0.02229611425027839,0.3154684208461605,0.070676215991683,0.2709860747728116,0.08227771212587559,0.06241571064205477,0.00011314314629021427,0.3205429887740137,0.32121459044423234
163,355.7471264367816,0.02234473362218755,0.3157529993901967,0.07076649680396131,0.2712305265705734,0.08238281252745906,0.06241963764701254,0.00014088993513060346,0.32205828534763165,0.32290143881367095
164,359.7701149425287,0.022160676742778117,0.31660201802537224,0.06999537425880266,0.2719598300829126,0.08148511026802001,0.062089805377527695,0.0001734897045861158,0.32443073673283024,0.32542752637676
165,363.79310344827593,0.02220482432872125,0.3171488935650275,0.07001387921969345,0.2724295939200756,0.08150665281700498,0.06176860693864572,0.00010490259899407043,0.32187320921108203,0.32250384135213106
166,367.816091954023,0.022198619862154864,0.31744606192532454,0.06992879271369518,0.2726848603181752,0.08140759936673046,0.061493247421470505,3.84997465036179e-05,0.3191803925613139,0.319418305263034
167,371.8390804597701,0.022051779072900488,0.317458661640344,0.06946346638947103,0.2726956834215058,0.08086588975746656,0.06130941196381547,6.940084836616144e-05,0.32060583847976043,0.3210244080013685
168,375.8620689655173,0.021961227979197254,0.3180044595558569,0.06905949686953936,0.2731645215839669,0.08039560866782139,0.06115177359066238,0.0001734800631150162,0.3259038385559449,0.32692533146677694
169,379.8850574712644,0.021951847832098303,0.31885447824012,0.06884597623736997,0.27389468413435525,0.08014703863814358,0.06114394174225331,0.00013232541347064615,0.32488246342308746,0.32564178231049223
170,383.9080459770115,0.021875333193417328,0.31906914679067816,0.06855985109637819,0.27407908353552796,0.07981394607436981,0.06098583347227824,8.522975789207193e-05,0.3229653049492071,0.3234491807754249
171,387.9310344827586,0.021790182599582347,0.3195402349128148,0.0681922969904798,0.2744837462930474,0.0793860579865391,0.06083411016449959,0.00011928600588108374,0.3250145353385198,0.3256766790793415
172,391.9540229885058,0.02191474980543012,0.32002891925179033,0.06847740465663409,0.27490352412839053,0.07971796605704876,0.06064467703449939,9.64956374550102e-05,0.32443214713765467,0.3250008579689209
173,395.9770114942529,0.02193623804530826,0.3203166365934873,0.06848298071120003,0.27515067214042105,0.07972445742059925,0.0604836146037145,6.0573183921019024e-05,0.3230779662160009,0.32344317068895867
174,400.0,0.022023723679541928,0.32051628969713186,0.06871327413765144,0.2753221733345112,0.07999255349762012,0.0604834893528065,4.962805719164798e-05,0.32276968053665406,0.3230762918423814
